{
  "ABIRoot": {
    "kind": "Root",
    "name": "TopLevel",
    "printedName": "TopLevel",
    "children": [
      {
        "kind": "Import",
        "name": "Foundation",
        "printedName": "Foundation",
        "declKind": "Import",
        "moduleName": "DevRevSDK"
      },
      {
        "kind": "Import",
        "name": "UIKit",
        "printedName": "UIKit",
        "declKind": "Import",
        "moduleName": "DevRevSDK"
      },
      {
        "kind": "Import",
        "name": "Networking",
        "printedName": "Networking",
        "declKind": "Import",
        "moduleName": "DevRevSDK",
        "declAttributes": [
          "ImplementationOnly"
        ]
      },
      {
        "kind": "TypeDecl",
        "name": "DevRev",
        "printedName": "DevRev",
        "children": [
          {
            "kind": "Var",
            "name": "isInitialized",
            "printedName": "isInitialized",
            "children": [
              {
                "kind": "TypeNominal",
                "name": "Bool",
                "printedName": "Swift.Bool",
                "usr": "s:Sb"
              }
            ],
            "declKind": "Var",
            "usr": "s:9DevRevSDK0aB0C13isInitializedSbvpZ",
            "mangledName": "$s9DevRevSDK0aB0C13isInitializedSbvpZ",
            "moduleName": "DevRevSDK",
            "static": true,
            "declAttributes": [
              "Final",
              "AccessControl",
              "RawDocComment"
            ],
            "accessors": [
              {
                "kind": "Accessor",
                "name": "Get",
                "printedName": "Get()",
                "children": [
                  {
                    "kind": "TypeNominal",
                    "name": "Bool",
                    "printedName": "Swift.Bool",
                    "usr": "s:Sb"
                  }
                ],
                "declKind": "Accessor",
                "usr": "s:9DevRevSDK0aB0C13isInitializedSbvgZ",
                "mangledName": "$s9DevRevSDK0aB0C13isInitializedSbvgZ",
                "moduleName": "DevRevSDK",
                "static": true,
                "declAttributes": [
                  "Final"
                ],
                "accessorKind": "get"
              }
            ]
          },
          {
            "kind": "Function",
            "name": "configure",
            "printedName": "configure(appID:secret:organizationSlug:)",
            "children": [
              {
                "kind": "TypeNominal",
                "name": "Void",
                "printedName": "()"
              },
              {
                "kind": "TypeNominal",
                "name": "String",
                "printedName": "Swift.String",
                "usr": "s:SS"
              },
              {
                "kind": "TypeNominal",
                "name": "String",
                "printedName": "Swift.String",
                "usr": "s:SS"
              },
              {
                "kind": "TypeNominal",
                "name": "String",
                "printedName": "Swift.String",
                "usr": "s:SS"
              }
            ],
            "declKind": "Func",
            "usr": "s:9DevRevSDK0aB0C9configure5appID6secret16organizationSlugySS_S2StFZ",
            "mangledName": "$s9DevRevSDK0aB0C9configure5appID6secret16organizationSlugySS_S2StFZ",
            "moduleName": "DevRevSDK",
            "static": true,
            "declAttributes": [
              "Final",
              "AccessControl",
              "RawDocComment"
            ],
            "funcSelfKind": "NonMutating"
          },
          {
            "kind": "Function",
            "name": "identify",
            "printedName": "identify(_:)",
            "children": [
              {
                "kind": "TypeNominal",
                "name": "Void",
                "printedName": "()"
              },
              {
                "kind": "TypeNominal",
                "name": "Identification",
                "printedName": "DevRevSDK.Identification",
                "usr": "s:9DevRevSDK14IdentificationV"
              }
            ],
            "declKind": "Func",
            "usr": "s:9DevRevSDK0aB0C8identifyyyAA14IdentificationVYaFZ",
            "mangledName": "$s9DevRevSDK0aB0C8identifyyyAA14IdentificationVYaFZ",
            "moduleName": "DevRevSDK",
            "static": true,
            "declAttributes": [
              "Final",
              "AccessControl",
              "RawDocComment"
            ],
            "funcSelfKind": "NonMutating"
          },
          {
            "kind": "Function",
            "name": "showSupport",
            "printedName": "showSupport(from:isAnimated:)",
            "children": [
              {
                "kind": "TypeNominal",
                "name": "Void",
                "printedName": "()"
              },
              {
                "kind": "TypeNominal",
                "name": "UIViewController",
                "printedName": "UIKit.UIViewController",
                "usr": "c:objc(cs)UIViewController"
              },
              {
                "kind": "TypeNominal",
                "name": "Bool",
                "printedName": "Swift.Bool",
                "hasDefaultArg": true,
                "usr": "s:Sb"
              }
            ],
            "declKind": "Func",
            "usr": "s:9DevRevSDK0aB0C11showSupport4from10isAnimatedySo16UIViewControllerC_SbtFZ",
            "mangledName": "$s9DevRevSDK0aB0C11showSupport4from10isAnimatedySo16UIViewControllerC_SbtFZ",
            "moduleName": "DevRevSDK",
            "static": true,
            "declAttributes": [
              "Final",
              "AccessControl",
              "RawDocComment"
            ],
            "isFromExtension": true,
            "funcSelfKind": "NonMutating"
          },
          {
            "kind": "Function",
            "name": "showSupport",
            "printedName": "showSupport(from:isAnimated:)",
            "children": [
              {
                "kind": "TypeNominal",
                "name": "Void",
                "printedName": "()"
              },
              {
                "kind": "TypeNominal",
                "name": "UINavigationController",
                "printedName": "UIKit.UINavigationController",
                "usr": "c:objc(cs)UINavigationController"
              },
              {
                "kind": "TypeNominal",
                "name": "Bool",
                "printedName": "Swift.Bool",
                "hasDefaultArg": true,
                "usr": "s:Sb"
              }
            ],
            "declKind": "Func",
            "usr": "s:9DevRevSDK0aB0C11showSupport4from10isAnimatedySo22UINavigationControllerC_SbtFZ",
            "mangledName": "$s9DevRevSDK0aB0C11showSupport4from10isAnimatedySo22UINavigationControllerC_SbtFZ",
            "moduleName": "DevRevSDK",
            "static": true,
            "declAttributes": [
              "Final",
              "AccessControl",
              "RawDocComment"
            ],
            "isFromExtension": true,
            "funcSelfKind": "NonMutating"
          },
          {
            "kind": "Var",
            "name": "supportView",
            "printedName": "supportView",
            "children": [
              {
                "kind": "TypeNominal",
                "name": "OpaqueTypeArchetype",
                "printedName": "some SwiftUI.View",
                "children": [
                  {
                    "kind": "TypeNominal",
                    "name": "View",
                    "printedName": "SwiftUI.View",
                    "usr": "s:7SwiftUI4ViewP"
                  }
                ]
              }
            ],
            "declKind": "Var",
            "usr": "s:9DevRevSDK0aB0C11supportViewQrvpZ",
            "mangledName": "$s9DevRevSDK0aB0C11supportViewQrvpZ",
            "moduleName": "DevRevSDK",
            "static": true,
            "declAttributes": [
              "Final",
              "AccessControl",
              "Custom"
            ],
            "isFromExtension": true,
            "accessors": [
              {
                "kind": "Accessor",
                "name": "Get",
                "printedName": "Get()",
                "children": [
                  {
                    "kind": "TypeNominal",
                    "name": "OpaqueTypeArchetype",
                    "printedName": "some SwiftUI.View",
                    "children": [
                      {
                        "kind": "TypeNominal",
                        "name": "View",
                        "printedName": "SwiftUI.View",
                        "usr": "s:7SwiftUI4ViewP"
                      }
                    ]
                  }
                ],
                "declKind": "Accessor",
                "usr": "s:9DevRevSDK0aB0C11supportViewQrvgZ",
                "mangledName": "$s9DevRevSDK0aB0C11supportViewQrvgZ",
                "moduleName": "DevRevSDK",
                "static": true,
                "declAttributes": [
                  "Final"
                ],
                "isFromExtension": true,
                "accessorKind": "get"
              }
            ]
          }
        ],
        "declKind": "Class",
        "usr": "s:9DevRevSDK0aB0C",
        "mangledName": "$s9DevRevSDK0aB0C",
        "moduleName": "DevRevSDK",
        "declAttributes": [
          "Final",
          "AccessControl",
          "RawDocComment"
        ],
        "hasMissingDesignatedInitializers": true
      },
      {
        "kind": "Import",
        "name": "Foundation",
        "printedName": "Foundation",
        "declKind": "Import",
        "moduleName": "DevRevSDK"
      },
      {
        "kind": "Import",
        "name": "SwiftUI",
        "printedName": "SwiftUI",
        "declKind": "Import",
        "moduleName": "DevRevSDK"
      },
      {
        "kind": "Import",
        "name": "Foundation",
        "printedName": "Foundation",
        "declKind": "Import",
        "moduleName": "DevRevSDK"
      },
      {
        "kind": "Import",
        "name": "UIKit",
        "printedName": "UIKit",
        "declKind": "Import",
        "moduleName": "DevRevSDK"
      },
      {
        "kind": "Import",
        "name": "WebKit",
        "printedName": "WebKit",
        "declKind": "Import",
        "moduleName": "DevRevSDK"
      },
      {
        "kind": "Import",
        "name": "Foundation",
        "printedName": "Foundation",
        "declKind": "Import",
        "moduleName": "DevRevSDK"
      },
      {
        "kind": "Import",
        "name": "UIKit",
        "printedName": "UIKit",
        "declKind": "Import",
        "moduleName": "DevRevSDK"
      },
      {
        "kind": "Import",
        "name": "WebKit",
        "printedName": "WebKit",
        "declKind": "Import",
        "moduleName": "DevRevSDK"
      },
      {
        "kind": "Import",
        "name": "SwiftUI",
        "printedName": "SwiftUI",
        "declKind": "Import",
        "moduleName": "DevRevSDK"
      },
      {
        "kind": "Import",
        "name": "Foundation",
        "printedName": "Foundation",
        "declKind": "Import",
        "moduleName": "DevRevSDK"
      },
      {
        "kind": "Import",
        "name": "Foundation",
        "printedName": "Foundation",
        "declKind": "Import",
        "moduleName": "DevRevSDK"
      },
      {
        "kind": "Import",
        "name": "Foundation",
        "printedName": "Foundation",
        "declKind": "Import",
        "moduleName": "DevRevSDK"
      },
      {
        "kind": "Import",
        "name": "Foundation",
        "printedName": "Foundation",
        "declKind": "Import",
        "moduleName": "DevRevSDK"
      },
      {
        "kind": "Import",
        "name": "Foundation",
        "printedName": "Foundation",
        "declKind": "Import",
        "moduleName": "DevRevSDK"
      },
      {
        "kind": "Import",
        "name": "os",
        "printedName": "os",
        "declKind": "Import",
        "moduleName": "DevRevSDK"
      },
      {
        "kind": "Import",
        "name": "Foundation",
        "printedName": "Foundation",
        "declKind": "Import",
        "moduleName": "DevRevSDK"
      },
      {
        "kind": "Import",
        "name": "Foundation",
        "printedName": "Foundation",
        "declKind": "Import",
        "moduleName": "DevRevSDK"
      },
      {
        "kind": "Import",
        "name": "Foundation",
        "printedName": "Foundation",
        "declKind": "Import",
        "moduleName": "DevRevSDK"
      },
      {
        "kind": "Import",
        "name": "Networking",
        "printedName": "Networking",
        "declKind": "Import",
        "moduleName": "DevRevSDK",
        "declAttributes": [
          "ImplementationOnly"
        ]
      },
      {
        "kind": "Import",
        "name": "Foundation",
        "printedName": "Foundation",
        "declKind": "Import",
        "moduleName": "DevRevSDK"
      },
      {
        "kind": "TypeDecl",
        "name": "Identification",
        "printedName": "Identification",
        "children": [
          {
            "kind": "Var",
            "name": "userID",
            "printedName": "userID",
            "children": [
              {
                "kind": "TypeNominal",
                "name": "String",
                "printedName": "Swift.String",
                "usr": "s:SS"
              }
            ],
            "declKind": "Var",
            "usr": "s:9DevRevSDK14IdentificationV6userIDSSvp",
            "mangledName": "$s9DevRevSDK14IdentificationV6userIDSSvp",
            "moduleName": "DevRevSDK",
            "declAttributes": [
              "HasStorage",
              "AccessControl",
              "RawDocComment"
            ],
            "isLet": true,
            "hasStorage": true,
            "accessors": [
              {
                "kind": "Accessor",
                "name": "Get",
                "printedName": "Get()",
                "children": [
                  {
                    "kind": "TypeNominal",
                    "name": "String",
                    "printedName": "Swift.String",
                    "usr": "s:SS"
                  }
                ],
                "declKind": "Accessor",
                "usr": "s:9DevRevSDK14IdentificationV6userIDSSvg",
                "mangledName": "$s9DevRevSDK14IdentificationV6userIDSSvg",
                "moduleName": "DevRevSDK",
                "implicit": true,
                "accessorKind": "get"
              }
            ]
          },
          {
            "kind": "Var",
            "name": "organizationID",
            "printedName": "organizationID",
            "children": [
              {
                "kind": "TypeNominal",
                "name": "Optional",
                "printedName": "Swift.String?",
                "children": [
                  {
                    "kind": "TypeNominal",
                    "name": "String",
                    "printedName": "Swift.String",
                    "usr": "s:SS"
                  }
                ],
                "usr": "s:Sq"
              }
            ],
            "declKind": "Var",
            "usr": "s:9DevRevSDK14IdentificationV14organizationIDSSSgvp",
            "mangledName": "$s9DevRevSDK14IdentificationV14organizationIDSSSgvp",
            "moduleName": "DevRevSDK",
            "declAttributes": [
              "HasStorage",
              "AccessControl",
              "RawDocComment"
            ],
            "isLet": true,
            "hasStorage": true,
            "accessors": [
              {
                "kind": "Accessor",
                "name": "Get",
                "printedName": "Get()",
                "children": [
                  {
                    "kind": "TypeNominal",
                    "name": "Optional",
                    "printedName": "Swift.String?",
                    "children": [
                      {
                        "kind": "TypeNominal",
                        "name": "String",
                        "printedName": "Swift.String",
                        "usr": "s:SS"
                      }
                    ],
                    "usr": "s:Sq"
                  }
                ],
                "declKind": "Accessor",
                "usr": "s:9DevRevSDK14IdentificationV14organizationIDSSSgvg",
                "mangledName": "$s9DevRevSDK14IdentificationV14organizationIDSSSgvg",
                "moduleName": "DevRevSDK",
                "implicit": true,
                "accessorKind": "get"
              }
            ]
          },
          {
            "kind": "Var",
            "name": "userTraits",
            "printedName": "userTraits",
            "children": [
              {
                "kind": "TypeNominal",
                "name": "Optional",
                "printedName": "DevRevSDK.Identification.UserTraits?",
                "children": [
                  {
                    "kind": "TypeNominal",
                    "name": "UserTraits",
                    "printedName": "DevRevSDK.Identification.UserTraits",
                    "usr": "s:9DevRevSDK14IdentificationV10UserTraitsV"
                  }
                ],
                "usr": "s:Sq"
              }
            ],
            "declKind": "Var",
            "usr": "s:9DevRevSDK14IdentificationV10userTraitsAC04UserF0VSgvp",
            "mangledName": "$s9DevRevSDK14IdentificationV10userTraitsAC04UserF0VSgvp",
            "moduleName": "DevRevSDK",
            "declAttributes": [
              "HasStorage",
              "AccessControl",
              "RawDocComment"
            ],
            "isLet": true,
            "hasStorage": true,
            "accessors": [
              {
                "kind": "Accessor",
                "name": "Get",
                "printedName": "Get()",
                "children": [
                  {
                    "kind": "TypeNominal",
                    "name": "Optional",
                    "printedName": "DevRevSDK.Identification.UserTraits?",
                    "children": [
                      {
                        "kind": "TypeNominal",
                        "name": "UserTraits",
                        "printedName": "DevRevSDK.Identification.UserTraits",
                        "usr": "s:9DevRevSDK14IdentificationV10UserTraitsV"
                      }
                    ],
                    "usr": "s:Sq"
                  }
                ],
                "declKind": "Accessor",
                "usr": "s:9DevRevSDK14IdentificationV10userTraitsAC04UserF0VSgvg",
                "mangledName": "$s9DevRevSDK14IdentificationV10userTraitsAC04UserF0VSgvg",
                "moduleName": "DevRevSDK",
                "implicit": true,
                "accessorKind": "get"
              }
            ]
          },
          {
            "kind": "Var",
            "name": "organizationTraits",
            "printedName": "organizationTraits",
            "children": [
              {
                "kind": "TypeNominal",
                "name": "Optional",
                "printedName": "DevRevSDK.Identification.OrganizationTraits?",
                "children": [
                  {
                    "kind": "TypeNominal",
                    "name": "OrganizationTraits",
                    "printedName": "DevRevSDK.Identification.OrganizationTraits",
                    "usr": "s:9DevRevSDK14IdentificationV18OrganizationTraitsV"
                  }
                ],
                "usr": "s:Sq"
              }
            ],
            "declKind": "Var",
            "usr": "s:9DevRevSDK14IdentificationV18organizationTraitsAC012OrganizationF0VSgvp",
            "mangledName": "$s9DevRevSDK14IdentificationV18organizationTraitsAC012OrganizationF0VSgvp",
            "moduleName": "DevRevSDK",
            "declAttributes": [
              "HasStorage",
              "AccessControl",
              "RawDocComment"
            ],
            "isLet": true,
            "hasStorage": true,
            "accessors": [
              {
                "kind": "Accessor",
                "name": "Get",
                "printedName": "Get()",
                "children": [
                  {
                    "kind": "TypeNominal",
                    "name": "Optional",
                    "printedName": "DevRevSDK.Identification.OrganizationTraits?",
                    "children": [
                      {
                        "kind": "TypeNominal",
                        "name": "OrganizationTraits",
                        "printedName": "DevRevSDK.Identification.OrganizationTraits",
                        "usr": "s:9DevRevSDK14IdentificationV18OrganizationTraitsV"
                      }
                    ],
                    "usr": "s:Sq"
                  }
                ],
                "declKind": "Accessor",
                "usr": "s:9DevRevSDK14IdentificationV18organizationTraitsAC012OrganizationF0VSgvg",
                "mangledName": "$s9DevRevSDK14IdentificationV18organizationTraitsAC012OrganizationF0VSgvg",
                "moduleName": "DevRevSDK",
                "implicit": true,
                "accessorKind": "get"
              }
            ]
          },
          {
            "kind": "Constructor",
            "name": "init",
            "printedName": "init(userID:organizationID:userTraits:organizationTraits:)",
            "children": [
              {
                "kind": "TypeNominal",
                "name": "Identification",
                "printedName": "DevRevSDK.Identification",
                "usr": "s:9DevRevSDK14IdentificationV"
              },
              {
                "kind": "TypeNominal",
                "name": "String",
                "printedName": "Swift.String",
                "usr": "s:SS"
              },
              {
                "kind": "TypeNominal",
                "name": "Optional",
                "printedName": "Swift.String?",
                "children": [
                  {
                    "kind": "TypeNominal",
                    "name": "String",
                    "printedName": "Swift.String",
                    "usr": "s:SS"
                  }
                ],
                "hasDefaultArg": true,
                "usr": "s:Sq"
              },
              {
                "kind": "TypeNominal",
                "name": "Optional",
                "printedName": "DevRevSDK.Identification.UserTraits?",
                "children": [
                  {
                    "kind": "TypeNominal",
                    "name": "UserTraits",
                    "printedName": "DevRevSDK.Identification.UserTraits",
                    "usr": "s:9DevRevSDK14IdentificationV10UserTraitsV"
                  }
                ],
                "hasDefaultArg": true,
                "usr": "s:Sq"
              },
              {
                "kind": "TypeNominal",
                "name": "Optional",
                "printedName": "DevRevSDK.Identification.OrganizationTraits?",
                "children": [
                  {
                    "kind": "TypeNominal",
                    "name": "OrganizationTraits",
                    "printedName": "DevRevSDK.Identification.OrganizationTraits",
                    "usr": "s:9DevRevSDK14IdentificationV18OrganizationTraitsV"
                  }
                ],
                "hasDefaultArg": true,
                "usr": "s:Sq"
              }
            ],
            "declKind": "Constructor",
            "usr": "s:9DevRevSDK14IdentificationV6userID012organizationF00E6Traits0gH0ACSS_SSSgAC04UserH0VSgAC012OrganizationH0VSgtcfc",
            "mangledName": "$s9DevRevSDK14IdentificationV6userID012organizationF00E6Traits0gH0ACSS_SSSgAC04UserH0VSgAC012OrganizationH0VSgtcfc",
            "moduleName": "DevRevSDK",
            "declAttributes": [
              "AccessControl",
              "RawDocComment"
            ],
            "init_kind": "Designated"
          },
          {
            "kind": "TypeDecl",
            "name": "OrganizationTraits",
            "printedName": "OrganizationTraits",
            "children": [
              {
                "kind": "Var",
                "name": "displayName",
                "printedName": "displayName",
                "children": [
                  {
                    "kind": "TypeNominal",
                    "name": "String",
                    "printedName": "Swift.String",
                    "usr": "s:SS"
                  }
                ],
                "declKind": "Var",
                "usr": "s:9DevRevSDK14IdentificationV18OrganizationTraitsV11displayNameSSvp",
                "mangledName": "$s9DevRevSDK14IdentificationV18OrganizationTraitsV11displayNameSSvp",
                "moduleName": "DevRevSDK",
                "declAttributes": [
                  "HasStorage",
                  "AccessControl",
                  "RawDocComment"
                ],
                "isLet": true,
                "hasStorage": true,
                "accessors": [
                  {
                    "kind": "Accessor",
                    "name": "Get",
                    "printedName": "Get()",
                    "children": [
                      {
                        "kind": "TypeNominal",
                        "name": "String",
                        "printedName": "Swift.String",
                        "usr": "s:SS"
                      }
                    ],
                    "declKind": "Accessor",
                    "usr": "s:9DevRevSDK14IdentificationV18OrganizationTraitsV11displayNameSSvg",
                    "mangledName": "$s9DevRevSDK14IdentificationV18OrganizationTraitsV11displayNameSSvg",
                    "moduleName": "DevRevSDK",
                    "implicit": true,
                    "accessorKind": "get"
                  }
                ]
              },
              {
                "kind": "Var",
                "name": "domain",
                "printedName": "domain",
                "children": [
                  {
                    "kind": "TypeNominal",
                    "name": "String",
                    "printedName": "Swift.String",
                    "usr": "s:SS"
                  }
                ],
                "declKind": "Var",
                "usr": "s:9DevRevSDK14IdentificationV18OrganizationTraitsV6domainSSvp",
                "mangledName": "$s9DevRevSDK14IdentificationV18OrganizationTraitsV6domainSSvp",
                "moduleName": "DevRevSDK",
                "declAttributes": [
                  "HasStorage",
                  "AccessControl",
                  "RawDocComment"
                ],
                "isLet": true,
                "hasStorage": true,
                "accessors": [
                  {
                    "kind": "Accessor",
                    "name": "Get",
                    "printedName": "Get()",
                    "children": [
                      {
                        "kind": "TypeNominal",
                        "name": "String",
                        "printedName": "Swift.String",
                        "usr": "s:SS"
                      }
                    ],
                    "declKind": "Accessor",
                    "usr": "s:9DevRevSDK14IdentificationV18OrganizationTraitsV6domainSSvg",
                    "mangledName": "$s9DevRevSDK14IdentificationV18OrganizationTraitsV6domainSSvg",
                    "moduleName": "DevRevSDK",
                    "implicit": true,
                    "accessorKind": "get"
                  }
                ]
              },
              {
                "kind": "Constructor",
                "name": "init",
                "printedName": "init(from:)",
                "children": [
                  {
                    "kind": "TypeNominal",
                    "name": "OrganizationTraits",
                    "printedName": "DevRevSDK.Identification.OrganizationTraits",
                    "usr": "s:9DevRevSDK14IdentificationV18OrganizationTraitsV"
                  },
                  {
                    "kind": "TypeNominal",
                    "name": "Decoder",
                    "printedName": "Swift.Decoder",
                    "usr": "s:s7DecoderP"
                  }
                ],
                "declKind": "Constructor",
                "usr": "s:9DevRevSDK14IdentificationV18OrganizationTraitsV4fromAEs7Decoder_p_tKcfc",
                "mangledName": "$s9DevRevSDK14IdentificationV18OrganizationTraitsV4fromAEs7Decoder_p_tKcfc",
                "moduleName": "DevRevSDK",
                "implicit": true,
                "throwing": true,
                "init_kind": "Designated"
              },
              {
                "kind": "Function",
                "name": "encode",
                "printedName": "encode(to:)",
                "children": [
                  {
                    "kind": "TypeNominal",
                    "name": "Void",
                    "printedName": "()"
                  },
                  {
                    "kind": "TypeNominal",
                    "name": "Encoder",
                    "printedName": "Swift.Encoder",
                    "usr": "s:s7EncoderP"
                  }
                ],
                "declKind": "Func",
                "usr": "s:9DevRevSDK14IdentificationV18OrganizationTraitsV6encode2toys7Encoder_p_tKF",
                "mangledName": "$s9DevRevSDK14IdentificationV18OrganizationTraitsV6encode2toys7Encoder_p_tKF",
                "moduleName": "DevRevSDK",
                "implicit": true,
                "throwing": true,
                "funcSelfKind": "NonMutating"
              }
            ],
            "declKind": "Struct",
            "usr": "s:9DevRevSDK14IdentificationV18OrganizationTraitsV",
            "mangledName": "$s9DevRevSDK14IdentificationV18OrganizationTraitsV",
            "moduleName": "DevRevSDK",
            "declAttributes": [
              "AccessControl",
              "RawDocComment"
            ],
            "conformances": [
              {
                "kind": "Conformance",
                "name": "Decodable",
                "printedName": "Decodable",
                "usr": "s:Se",
                "mangledName": "$sSe"
              },
              {
                "kind": "Conformance",
                "name": "Encodable",
                "printedName": "Encodable",
                "usr": "s:SE",
                "mangledName": "$sSE"
              }
            ]
          },
          {
            "kind": "TypeDecl",
            "name": "UserTraits",
            "printedName": "UserTraits",
            "children": [
              {
                "kind": "Var",
                "name": "displayName",
                "printedName": "displayName",
                "children": [
                  {
                    "kind": "TypeNominal",
                    "name": "String",
                    "printedName": "Swift.String",
                    "usr": "s:SS"
                  }
                ],
                "declKind": "Var",
                "usr": "s:9DevRevSDK14IdentificationV10UserTraitsV11displayNameSSvp",
                "mangledName": "$s9DevRevSDK14IdentificationV10UserTraitsV11displayNameSSvp",
                "moduleName": "DevRevSDK",
                "declAttributes": [
                  "HasStorage",
                  "AccessControl",
                  "RawDocComment"
                ],
                "isLet": true,
                "hasStorage": true,
                "accessors": [
                  {
                    "kind": "Accessor",
                    "name": "Get",
                    "printedName": "Get()",
                    "children": [
                      {
                        "kind": "TypeNominal",
                        "name": "String",
                        "printedName": "Swift.String",
                        "usr": "s:SS"
                      }
                    ],
                    "declKind": "Accessor",
                    "usr": "s:9DevRevSDK14IdentificationV10UserTraitsV11displayNameSSvg",
                    "mangledName": "$s9DevRevSDK14IdentificationV10UserTraitsV11displayNameSSvg",
                    "moduleName": "DevRevSDK",
                    "implicit": true,
                    "accessorKind": "get"
                  }
                ]
              },
              {
                "kind": "Var",
                "name": "email",
                "printedName": "email",
                "children": [
                  {
                    "kind": "TypeNominal",
                    "name": "String",
                    "printedName": "Swift.String",
                    "usr": "s:SS"
                  }
                ],
                "declKind": "Var",
                "usr": "s:9DevRevSDK14IdentificationV10UserTraitsV5emailSSvp",
                "mangledName": "$s9DevRevSDK14IdentificationV10UserTraitsV5emailSSvp",
                "moduleName": "DevRevSDK",
                "declAttributes": [
                  "HasStorage",
                  "AccessControl",
                  "RawDocComment"
                ],
                "isLet": true,
                "hasStorage": true,
                "accessors": [
                  {
                    "kind": "Accessor",
                    "name": "Get",
                    "printedName": "Get()",
                    "children": [
                      {
                        "kind": "TypeNominal",
                        "name": "String",
                        "printedName": "Swift.String",
                        "usr": "s:SS"
                      }
                    ],
                    "declKind": "Accessor",
                    "usr": "s:9DevRevSDK14IdentificationV10UserTraitsV5emailSSvg",
                    "mangledName": "$s9DevRevSDK14IdentificationV10UserTraitsV5emailSSvg",
                    "moduleName": "DevRevSDK",
                    "implicit": true,
                    "accessorKind": "get"
                  }
                ]
              },
              {
                "kind": "Var",
                "name": "fullName",
                "printedName": "fullName",
                "children": [
                  {
                    "kind": "TypeNominal",
                    "name": "String",
                    "printedName": "Swift.String",
                    "usr": "s:SS"
                  }
                ],
                "declKind": "Var",
                "usr": "s:9DevRevSDK14IdentificationV10UserTraitsV8fullNameSSvp",
                "mangledName": "$s9DevRevSDK14IdentificationV10UserTraitsV8fullNameSSvp",
                "moduleName": "DevRevSDK",
                "declAttributes": [
                  "HasStorage",
                  "AccessControl",
                  "RawDocComment"
                ],
                "isLet": true,
                "hasStorage": true,
                "accessors": [
                  {
                    "kind": "Accessor",
                    "name": "Get",
                    "printedName": "Get()",
                    "children": [
                      {
                        "kind": "TypeNominal",
                        "name": "String",
                        "printedName": "Swift.String",
                        "usr": "s:SS"
                      }
                    ],
                    "declKind": "Accessor",
                    "usr": "s:9DevRevSDK14IdentificationV10UserTraitsV8fullNameSSvg",
                    "mangledName": "$s9DevRevSDK14IdentificationV10UserTraitsV8fullNameSSvg",
                    "moduleName": "DevRevSDK",
                    "implicit": true,
                    "accessorKind": "get"
                  }
                ]
              },
              {
                "kind": "Constructor",
                "name": "init",
                "printedName": "init(from:)",
                "children": [
                  {
                    "kind": "TypeNominal",
                    "name": "UserTraits",
                    "printedName": "DevRevSDK.Identification.UserTraits",
                    "usr": "s:9DevRevSDK14IdentificationV10UserTraitsV"
                  },
                  {
                    "kind": "TypeNominal",
                    "name": "Decoder",
                    "printedName": "Swift.Decoder",
                    "usr": "s:s7DecoderP"
                  }
                ],
                "declKind": "Constructor",
                "usr": "s:9DevRevSDK14IdentificationV10UserTraitsV4fromAEs7Decoder_p_tKcfc",
                "mangledName": "$s9DevRevSDK14IdentificationV10UserTraitsV4fromAEs7Decoder_p_tKcfc",
                "moduleName": "DevRevSDK",
                "implicit": true,
                "throwing": true,
                "init_kind": "Designated"
              },
              {
                "kind": "Function",
                "name": "encode",
                "printedName": "encode(to:)",
                "children": [
                  {
                    "kind": "TypeNominal",
                    "name": "Void",
                    "printedName": "()"
                  },
                  {
                    "kind": "TypeNominal",
                    "name": "Encoder",
                    "printedName": "Swift.Encoder",
                    "usr": "s:s7EncoderP"
                  }
                ],
                "declKind": "Func",
                "usr": "s:9DevRevSDK14IdentificationV10UserTraitsV6encode2toys7Encoder_p_tKF",
                "mangledName": "$s9DevRevSDK14IdentificationV10UserTraitsV6encode2toys7Encoder_p_tKF",
                "moduleName": "DevRevSDK",
                "implicit": true,
                "throwing": true,
                "funcSelfKind": "NonMutating"
              }
            ],
            "declKind": "Struct",
            "usr": "s:9DevRevSDK14IdentificationV10UserTraitsV",
            "mangledName": "$s9DevRevSDK14IdentificationV10UserTraitsV",
            "moduleName": "DevRevSDK",
            "declAttributes": [
              "AccessControl"
            ],
            "conformances": [
              {
                "kind": "Conformance",
                "name": "Decodable",
                "printedName": "Decodable",
                "usr": "s:Se",
                "mangledName": "$sSe"
              },
              {
                "kind": "Conformance",
                "name": "Encodable",
                "printedName": "Encodable",
                "usr": "s:SE",
                "mangledName": "$sSE"
              }
            ]
          },
          {
            "kind": "Function",
            "name": "encode",
            "printedName": "encode(to:)",
            "children": [
              {
                "kind": "TypeNominal",
                "name": "Void",
                "printedName": "()"
              },
              {
                "kind": "TypeNominal",
                "name": "Encoder",
                "printedName": "Swift.Encoder",
                "usr": "s:s7EncoderP"
              }
            ],
            "declKind": "Func",
            "usr": "s:9DevRevSDK14IdentificationV6encode2toys7Encoder_p_tKF",
            "mangledName": "$s9DevRevSDK14IdentificationV6encode2toys7Encoder_p_tKF",
            "moduleName": "DevRevSDK",
            "implicit": true,
            "throwing": true,
            "funcSelfKind": "NonMutating"
          }
        ],
        "declKind": "Struct",
        "usr": "s:9DevRevSDK14IdentificationV",
        "mangledName": "$s9DevRevSDK14IdentificationV",
        "moduleName": "DevRevSDK",
        "declAttributes": [
          "AccessControl",
          "RawDocComment"
        ],
        "conformances": [
          {
            "kind": "Conformance",
            "name": "Encodable",
            "printedName": "Encodable",
            "usr": "s:SE",
            "mangledName": "$sSE"
          }
        ]
      },
      {
        "kind": "Import",
        "name": "Foundation",
        "printedName": "Foundation",
        "declKind": "Import",
        "moduleName": "DevRevSDK"
      },
      {
        "kind": "Import",
        "name": "SwiftJWT",
        "printedName": "SwiftJWT",
        "declKind": "Import",
        "moduleName": "DevRevSDK",
        "declAttributes": [
          "ImplementationOnly"
        ]
      },
      {
        "kind": "Import",
        "name": "Foundation",
        "printedName": "Foundation",
        "declKind": "Import",
        "moduleName": "DevRevSDK"
      },
      {
        "kind": "Import",
        "name": "Foundation",
        "printedName": "Foundation",
        "declKind": "Import",
        "moduleName": "DevRevSDK"
      },
      {
        "kind": "Import",
        "name": "Foundation",
        "printedName": "Foundation",
        "declKind": "Import",
        "moduleName": "DevRevSDK"
      },
      {
        "kind": "Import",
        "name": "UIKit",
        "printedName": "UIKit",
        "declKind": "Import",
        "moduleName": "DevRevSDK"
      },
      {
        "kind": "Import",
        "name": "Foundation",
        "printedName": "Foundation",
        "declKind": "Import",
        "moduleName": "DevRevSDK"
      },
      {
        "kind": "Import",
        "name": "SwiftJWT",
        "printedName": "SwiftJWT",
        "declKind": "Import",
        "moduleName": "DevRevSDK",
        "declAttributes": [
          "ImplementationOnly"
        ]
      },
      {
        "kind": "TypeDecl",
        "name": "JSONDecoder",
        "printedName": "JSONDecoder",
        "children": [
          {
            "kind": "Var",
            "name": "default",
            "printedName": "default",
            "children": [
              {
                "kind": "TypeNominal",
                "name": "JSONDecoder",
                "printedName": "Foundation.JSONDecoder",
                "usr": "s:10Foundation11JSONDecoderC"
              }
            ],
            "declKind": "Var",
            "usr": "s:10Foundation11JSONDecoderC9DevRevSDKE7defaultACvpZ",
            "mangledName": "$s10Foundation11JSONDecoderC9DevRevSDKE7defaultACvpZ",
            "moduleName": "DevRevSDK",
            "static": true,
            "declAttributes": [
              "HasInitialValue",
              "Final",
              "HasStorage",
              "AccessControl",
              "RawDocComment"
            ],
            "isFromExtension": true,
            "hasStorage": true,
            "accessors": [
              {
                "kind": "Accessor",
                "name": "Get",
                "printedName": "Get()",
                "children": [
                  {
                    "kind": "TypeNominal",
                    "name": "JSONDecoder",
                    "printedName": "Foundation.JSONDecoder",
                    "usr": "s:10Foundation11JSONDecoderC"
                  }
                ],
                "declKind": "Accessor",
                "usr": "s:10Foundation11JSONDecoderC9DevRevSDKE7defaultACvgZ",
                "mangledName": "$s10Foundation11JSONDecoderC9DevRevSDKE7defaultACvgZ",
                "moduleName": "DevRevSDK",
                "static": true,
                "implicit": true,
                "declAttributes": [
                  "Final"
                ],
                "isFromExtension": true,
                "accessorKind": "get"
              },
              {
                "kind": "Accessor",
                "name": "Set",
                "printedName": "Set()",
                "children": [
                  {
                    "kind": "TypeNominal",
                    "name": "Void",
                    "printedName": "()"
                  },
                  {
                    "kind": "TypeNominal",
                    "name": "JSONDecoder",
                    "printedName": "Foundation.JSONDecoder",
                    "usr": "s:10Foundation11JSONDecoderC"
                  }
                ],
                "declKind": "Accessor",
                "usr": "s:10Foundation11JSONDecoderC9DevRevSDKE7defaultACvsZ",
                "mangledName": "$s10Foundation11JSONDecoderC9DevRevSDKE7defaultACvsZ",
                "moduleName": "DevRevSDK",
                "static": true,
                "implicit": true,
                "declAttributes": [
                  "Final"
                ],
                "isFromExtension": true,
                "accessorKind": "set"
              },
              {
                "kind": "Accessor",
                "name": "Modify",
                "printedName": "Modify()",
                "children": [
                  {
                    "kind": "TypeNominal",
                    "name": "Void",
                    "printedName": "()"
                  }
                ],
                "declKind": "Accessor",
                "usr": "s:10Foundation11JSONDecoderC9DevRevSDKE7defaultACvMZ",
                "mangledName": "$s10Foundation11JSONDecoderC9DevRevSDKE7defaultACvMZ",
                "moduleName": "DevRevSDK",
                "static": true,
                "implicit": true,
                "declAttributes": [
                  "Final"
                ],
                "isFromExtension": true,
                "accessorKind": "_modify"
              }
            ]
          }
        ],
        "declKind": "Class",
        "usr": "s:10Foundation11JSONDecoderC",
        "mangledName": "$s10Foundation11JSONDecoderC",
        "moduleName": "Foundation",
        "isOpen": true,
        "isExternal": true,
        "conformances": [
          {
            "kind": "Conformance",
            "name": "TopLevelDecoder",
            "printedName": "TopLevelDecoder",
            "children": [
              {
                "kind": "TypeWitness",
                "name": "Input",
                "printedName": "Input",
                "children": [
                  {
                    "kind": "TypeNominal",
                    "name": "Data",
                    "printedName": "Foundation.Data",
                    "usr": "s:10Foundation4DataV"
                  }
                ]
              }
            ],
            "usr": "s:7Combine15TopLevelDecoderP",
            "mangledName": "$s7Combine15TopLevelDecoderP"
          },
          {
            "kind": "Conformance",
            "name": "Sendable",
            "printedName": "Sendable",
            "usr": "s:s8SendableP",
            "mangledName": "$ss8SendableP"
          },
          {
            "kind": "Conformance",
            "name": "BodyDecoder",
            "printedName": "BodyDecoder",
            "usr": "s:15KituraContracts11BodyDecoderP",
            "mangledName": "$s15KituraContracts11BodyDecoderP"
          }
        ]
      },
      {
        "kind": "TypeDecl",
        "name": "JSONEncoder",
        "printedName": "JSONEncoder",
        "children": [
          {
            "kind": "Var",
            "name": "default",
            "printedName": "default",
            "children": [
              {
                "kind": "TypeNominal",
                "name": "JSONEncoder",
                "printedName": "Foundation.JSONEncoder",
                "usr": "s:10Foundation11JSONEncoderC"
              }
            ],
            "declKind": "Var",
            "usr": "s:10Foundation11JSONEncoderC9DevRevSDKE7defaultACvpZ",
            "mangledName": "$s10Foundation11JSONEncoderC9DevRevSDKE7defaultACvpZ",
            "moduleName": "DevRevSDK",
            "static": true,
            "declAttributes": [
              "HasInitialValue",
              "Final",
              "HasStorage",
              "AccessControl",
              "RawDocComment"
            ],
            "isFromExtension": true,
            "hasStorage": true,
            "accessors": [
              {
                "kind": "Accessor",
                "name": "Get",
                "printedName": "Get()",
                "children": [
                  {
                    "kind": "TypeNominal",
                    "name": "JSONEncoder",
                    "printedName": "Foundation.JSONEncoder",
                    "usr": "s:10Foundation11JSONEncoderC"
                  }
                ],
                "declKind": "Accessor",
                "usr": "s:10Foundation11JSONEncoderC9DevRevSDKE7defaultACvgZ",
                "mangledName": "$s10Foundation11JSONEncoderC9DevRevSDKE7defaultACvgZ",
                "moduleName": "DevRevSDK",
                "static": true,
                "implicit": true,
                "declAttributes": [
                  "Final"
                ],
                "isFromExtension": true,
                "accessorKind": "get"
              },
              {
                "kind": "Accessor",
                "name": "Set",
                "printedName": "Set()",
                "children": [
                  {
                    "kind": "TypeNominal",
                    "name": "Void",
                    "printedName": "()"
                  },
                  {
                    "kind": "TypeNominal",
                    "name": "JSONEncoder",
                    "printedName": "Foundation.JSONEncoder",
                    "usr": "s:10Foundation11JSONEncoderC"
                  }
                ],
                "declKind": "Accessor",
                "usr": "s:10Foundation11JSONEncoderC9DevRevSDKE7defaultACvsZ",
                "mangledName": "$s10Foundation11JSONEncoderC9DevRevSDKE7defaultACvsZ",
                "moduleName": "DevRevSDK",
                "static": true,
                "implicit": true,
                "declAttributes": [
                  "Final"
                ],
                "isFromExtension": true,
                "accessorKind": "set"
              },
              {
                "kind": "Accessor",
                "name": "Modify",
                "printedName": "Modify()",
                "children": [
                  {
                    "kind": "TypeNominal",
                    "name": "Void",
                    "printedName": "()"
                  }
                ],
                "declKind": "Accessor",
                "usr": "s:10Foundation11JSONEncoderC9DevRevSDKE7defaultACvMZ",
                "mangledName": "$s10Foundation11JSONEncoderC9DevRevSDKE7defaultACvMZ",
                "moduleName": "DevRevSDK",
                "static": true,
                "implicit": true,
                "declAttributes": [
                  "Final"
                ],
                "isFromExtension": true,
                "accessorKind": "_modify"
              }
            ]
          },
          {
            "kind": "Var",
            "name": "jwtEncoder",
            "printedName": "jwtEncoder",
            "children": [
              {
                "kind": "TypeNominal",
                "name": "JSONEncoder",
                "printedName": "Foundation.JSONEncoder",
                "usr": "s:10Foundation11JSONEncoderC"
              }
            ],
            "declKind": "Var",
            "usr": "s:10Foundation11JSONEncoderC9DevRevSDKE10jwtEncoderACvpZ",
            "mangledName": "$s10Foundation11JSONEncoderC9DevRevSDKE10jwtEncoderACvpZ",
            "moduleName": "DevRevSDK",
            "static": true,
            "declAttributes": [
              "HasInitialValue",
              "Final",
              "HasStorage",
              "AccessControl",
              "RawDocComment"
            ],
            "isFromExtension": true,
            "hasStorage": true,
            "accessors": [
              {
                "kind": "Accessor",
                "name": "Get",
                "printedName": "Get()",
                "children": [
                  {
                    "kind": "TypeNominal",
                    "name": "JSONEncoder",
                    "printedName": "Foundation.JSONEncoder",
                    "usr": "s:10Foundation11JSONEncoderC"
                  }
                ],
                "declKind": "Accessor",
                "usr": "s:10Foundation11JSONEncoderC9DevRevSDKE10jwtEncoderACvgZ",
                "mangledName": "$s10Foundation11JSONEncoderC9DevRevSDKE10jwtEncoderACvgZ",
                "moduleName": "DevRevSDK",
                "static": true,
                "implicit": true,
                "declAttributes": [
                  "Final"
                ],
                "isFromExtension": true,
                "accessorKind": "get"
              },
              {
                "kind": "Accessor",
                "name": "Set",
                "printedName": "Set()",
                "children": [
                  {
                    "kind": "TypeNominal",
                    "name": "Void",
                    "printedName": "()"
                  },
                  {
                    "kind": "TypeNominal",
                    "name": "JSONEncoder",
                    "printedName": "Foundation.JSONEncoder",
                    "usr": "s:10Foundation11JSONEncoderC"
                  }
                ],
                "declKind": "Accessor",
                "usr": "s:10Foundation11JSONEncoderC9DevRevSDKE10jwtEncoderACvsZ",
                "mangledName": "$s10Foundation11JSONEncoderC9DevRevSDKE10jwtEncoderACvsZ",
                "moduleName": "DevRevSDK",
                "static": true,
                "implicit": true,
                "declAttributes": [
                  "Final"
                ],
                "isFromExtension": true,
                "accessorKind": "set"
              },
              {
                "kind": "Accessor",
                "name": "Modify",
                "printedName": "Modify()",
                "children": [
                  {
                    "kind": "TypeNominal",
                    "name": "Void",
                    "printedName": "()"
                  }
                ],
                "declKind": "Accessor",
                "usr": "s:10Foundation11JSONEncoderC9DevRevSDKE10jwtEncoderACvMZ",
                "mangledName": "$s10Foundation11JSONEncoderC9DevRevSDKE10jwtEncoderACvMZ",
                "moduleName": "DevRevSDK",
                "static": true,
                "implicit": true,
                "declAttributes": [
                  "Final"
                ],
                "isFromExtension": true,
                "accessorKind": "_modify"
              }
            ]
          }
        ],
        "declKind": "Class",
        "usr": "s:10Foundation11JSONEncoderC",
        "mangledName": "$s10Foundation11JSONEncoderC",
        "moduleName": "Foundation",
        "isOpen": true,
        "isExternal": true,
        "conformances": [
          {
            "kind": "Conformance",
            "name": "TopLevelEncoder",
            "printedName": "TopLevelEncoder",
            "children": [
              {
                "kind": "TypeWitness",
                "name": "Output",
                "printedName": "Output",
                "children": [
                  {
                    "kind": "TypeNominal",
                    "name": "Data",
                    "printedName": "Foundation.Data",
                    "usr": "s:10Foundation4DataV"
                  }
                ]
              }
            ],
            "usr": "s:7Combine15TopLevelEncoderP",
            "mangledName": "$s7Combine15TopLevelEncoderP"
          },
          {
            "kind": "Conformance",
            "name": "Sendable",
            "printedName": "Sendable",
            "usr": "s:s8SendableP",
            "mangledName": "$ss8SendableP"
          },
          {
            "kind": "Conformance",
            "name": "BodyEncoder",
            "printedName": "BodyEncoder",
            "usr": "s:15KituraContracts11BodyEncoderP",
            "mangledName": "$s15KituraContracts11BodyEncoderP"
          }
        ]
      },
      {
        "kind": "TypeDecl",
        "name": "Data",
        "printedName": "Data",
        "children": [
          {
            "kind": "Var",
            "name": "toJSON",
            "printedName": "toJSON",
            "children": [
              {
                "kind": "TypeNominal",
                "name": "Optional",
                "printedName": "[Swift.String : Any]?",
                "children": [
                  {
                    "kind": "TypeNominal",
                    "name": "Dictionary",
                    "printedName": "[Swift.String : Any]",
                    "children": [
                      {
                        "kind": "TypeNominal",
                        "name": "String",
                        "printedName": "Swift.String",
                        "usr": "s:SS"
                      },
                      {
                        "kind": "TypeNominal",
                        "name": "ProtocolComposition",
                        "printedName": "Any"
                      }
                    ],
                    "usr": "s:SD"
                  }
                ],
                "usr": "s:Sq"
              }
            ],
            "declKind": "Var",
            "usr": "s:10Foundation4DataV9DevRevSDKE6toJSONSDySSypGSgvp",
            "mangledName": "$s10Foundation4DataV9DevRevSDKE6toJSONSDySSypGSgvp",
            "moduleName": "DevRevSDK",
            "declAttributes": [
              "AccessControl",
              "RawDocComment"
            ],
            "isFromExtension": true,
            "accessors": [
              {
                "kind": "Accessor",
                "name": "Get",
                "printedName": "Get()",
                "children": [
                  {
                    "kind": "TypeNominal",
                    "name": "Optional",
                    "printedName": "[Swift.String : Any]?",
                    "children": [
                      {
                        "kind": "TypeNominal",
                        "name": "Dictionary",
                        "printedName": "[Swift.String : Any]",
                        "children": [
                          {
                            "kind": "TypeNominal",
                            "name": "String",
                            "printedName": "Swift.String",
                            "usr": "s:SS"
                          },
                          {
                            "kind": "TypeNominal",
                            "name": "ProtocolComposition",
                            "printedName": "Any"
                          }
                        ],
                        "usr": "s:SD"
                      }
                    ],
                    "usr": "s:Sq"
                  }
                ],
                "declKind": "Accessor",
                "usr": "s:10Foundation4DataV9DevRevSDKE6toJSONSDySSypGSgvg",
                "mangledName": "$s10Foundation4DataV9DevRevSDKE6toJSONSDySSypGSgvg",
                "moduleName": "DevRevSDK",
                "isFromExtension": true,
                "accessorKind": "get"
              }
            ]
          }
        ],
        "declKind": "Struct",
        "usr": "s:10Foundation4DataV",
        "mangledName": "$s10Foundation4DataV",
        "moduleName": "Foundation",
        "declAttributes": [
          "Frozen"
        ],
        "isExternal": true,
        "conformances": [
          {
            "kind": "Conformance",
            "name": "ReferenceConvertible",
            "printedName": "ReferenceConvertible",
            "children": [
              {
                "kind": "TypeWitness",
                "name": "ReferenceType",
                "printedName": "ReferenceType",
                "children": [
                  {
                    "kind": "TypeNominal",
                    "name": "NSData",
                    "printedName": "Foundation.NSData",
                    "usr": "c:objc(cs)NSData"
                  }
                ]
              }
            ],
            "usr": "s:10Foundation20ReferenceConvertibleP",
            "mangledName": "$s10Foundation20ReferenceConvertibleP"
          },
          {
            "kind": "Conformance",
            "name": "Equatable",
            "printedName": "Equatable",
            "usr": "s:SQ",
            "mangledName": "$sSQ"
          },
          {
            "kind": "Conformance",
            "name": "Hashable",
            "printedName": "Hashable",
            "usr": "s:SH",
            "mangledName": "$sSH"
          },
          {
            "kind": "Conformance",
            "name": "RandomAccessCollection",
            "printedName": "RandomAccessCollection",
            "children": [
              {
                "kind": "TypeWitness",
                "name": "Element",
                "printedName": "Element",
                "children": [
                  {
                    "kind": "TypeNominal",
                    "name": "UInt8",
                    "printedName": "Swift.UInt8",
                    "usr": "s:s5UInt8V"
                  }
                ]
              },
              {
                "kind": "TypeWitness",
                "name": "Index",
                "printedName": "Index",
                "children": [
                  {
                    "kind": "TypeNominal",
                    "name": "Int",
                    "printedName": "Swift.Int",
                    "usr": "s:Si"
                  }
                ]
              },
              {
                "kind": "TypeWitness",
                "name": "SubSequence",
                "printedName": "SubSequence",
                "children": [
                  {
                    "kind": "TypeNominal",
                    "name": "Data",
                    "printedName": "Foundation.Data",
                    "usr": "s:10Foundation4DataV"
                  }
                ]
              },
              {
                "kind": "TypeWitness",
                "name": "Indices",
                "printedName": "Indices",
                "children": [
                  {
                    "kind": "TypeNominal",
                    "name": "Range",
                    "printedName": "Swift.Range<Swift.Int>",
                    "children": [
                      {
                        "kind": "TypeNominal",
                        "name": "Int",
                        "printedName": "Swift.Int",
                        "usr": "s:Si"
                      }
                    ],
                    "usr": "s:Sn"
                  }
                ]
              }
            ],
            "usr": "s:Sk",
            "mangledName": "$sSk"
          },
          {
            "kind": "Conformance",
            "name": "MutableCollection",
            "printedName": "MutableCollection",
            "children": [
              {
                "kind": "TypeWitness",
                "name": "Element",
                "printedName": "Element",
                "children": [
                  {
                    "kind": "TypeNominal",
                    "name": "UInt8",
                    "printedName": "Swift.UInt8",
                    "usr": "s:s5UInt8V"
                  }
                ]
              },
              {
                "kind": "TypeWitness",
                "name": "Index",
                "printedName": "Index",
                "children": [
                  {
                    "kind": "TypeNominal",
                    "name": "Int",
                    "printedName": "Swift.Int",
                    "usr": "s:Si"
                  }
                ]
              },
              {
                "kind": "TypeWitness",
                "name": "SubSequence",
                "printedName": "SubSequence",
                "children": [
                  {
                    "kind": "TypeNominal",
                    "name": "Data",
                    "printedName": "Foundation.Data",
                    "usr": "s:10Foundation4DataV"
                  }
                ]
              }
            ],
            "usr": "s:SM",
            "mangledName": "$sSM"
          },
          {
            "kind": "Conformance",
            "name": "RangeReplaceableCollection",
            "printedName": "RangeReplaceableCollection",
            "children": [
              {
                "kind": "TypeWitness",
                "name": "SubSequence",
                "printedName": "SubSequence",
                "children": [
                  {
                    "kind": "TypeNominal",
                    "name": "Data",
                    "printedName": "Foundation.Data",
                    "usr": "s:10Foundation4DataV"
                  }
                ]
              }
            ],
            "usr": "s:Sm",
            "mangledName": "$sSm"
          },
          {
            "kind": "Conformance",
            "name": "MutableDataProtocol",
            "printedName": "MutableDataProtocol",
            "usr": "s:10Foundation19MutableDataProtocolP",
            "mangledName": "$s10Foundation19MutableDataProtocolP"
          },
          {
            "kind": "Conformance",
            "name": "ContiguousBytes",
            "printedName": "ContiguousBytes",
            "usr": "s:10Foundation15ContiguousBytesP",
            "mangledName": "$s10Foundation15ContiguousBytesP"
          },
          {
            "kind": "Conformance",
            "name": "Sendable",
            "printedName": "Sendable",
            "usr": "s:s8SendableP",
            "mangledName": "$ss8SendableP"
          },
          {
            "kind": "Conformance",
            "name": "BidirectionalCollection",
            "printedName": "BidirectionalCollection",
            "children": [
              {
                "kind": "TypeWitness",
                "name": "Element",
                "printedName": "Element",
                "children": [
                  {
                    "kind": "TypeNominal",
                    "name": "UInt8",
                    "printedName": "Swift.UInt8",
                    "usr": "s:s5UInt8V"
                  }
                ]
              },
              {
                "kind": "TypeWitness",
                "name": "Index",
                "printedName": "Index",
                "children": [
                  {
                    "kind": "TypeNominal",
                    "name": "Int",
                    "printedName": "Swift.Int",
                    "usr": "s:Si"
                  }
                ]
              },
              {
                "kind": "TypeWitness",
                "name": "SubSequence",
                "printedName": "SubSequence",
                "children": [
                  {
                    "kind": "TypeNominal",
                    "name": "Data",
                    "printedName": "Foundation.Data",
                    "usr": "s:10Foundation4DataV"
                  }
                ]
              },
              {
                "kind": "TypeWitness",
                "name": "Indices",
                "printedName": "Indices",
                "children": [
                  {
                    "kind": "TypeNominal",
                    "name": "Range",
                    "printedName": "Swift.Range<Swift.Int>",
                    "children": [
                      {
                        "kind": "TypeNominal",
                        "name": "Int",
                        "printedName": "Swift.Int",
                        "usr": "s:Si"
                      }
                    ],
                    "usr": "s:Sn"
                  }
                ]
              }
            ],
            "usr": "s:SK",
            "mangledName": "$sSK"
          },
          {
            "kind": "Conformance",
            "name": "Collection",
            "printedName": "Collection",
            "children": [
              {
                "kind": "TypeWitness",
                "name": "Element",
                "printedName": "Element",
                "children": [
                  {
                    "kind": "TypeNominal",
                    "name": "UInt8",
                    "printedName": "Swift.UInt8",
                    "usr": "s:s5UInt8V"
                  }
                ]
              },
              {
                "kind": "TypeWitness",
                "name": "Index",
                "printedName": "Index",
                "children": [
                  {
                    "kind": "TypeNominal",
                    "name": "Int",
                    "printedName": "Swift.Int",
                    "usr": "s:Si"
                  }
                ]
              },
              {
                "kind": "TypeWitness",
                "name": "Iterator",
                "printedName": "Iterator",
                "children": [
                  {
                    "kind": "TypeNominal",
                    "name": "Iterator",
                    "printedName": "Foundation.Data.Iterator",
                    "usr": "s:10Foundation4DataV8IteratorV"
                  }
                ]
              },
              {
                "kind": "TypeWitness",
                "name": "SubSequence",
                "printedName": "SubSequence",
                "children": [
                  {
                    "kind": "TypeNominal",
                    "name": "Data",
                    "printedName": "Foundation.Data",
                    "usr": "s:10Foundation4DataV"
                  }
                ]
              },
              {
                "kind": "TypeWitness",
                "name": "Indices",
                "printedName": "Indices",
                "children": [
                  {
                    "kind": "TypeNominal",
                    "name": "Range",
                    "printedName": "Swift.Range<Swift.Int>",
                    "children": [
                      {
                        "kind": "TypeNominal",
                        "name": "Int",
                        "printedName": "Swift.Int",
                        "usr": "s:Si"
                      }
                    ],
                    "usr": "s:Sn"
                  }
                ]
              }
            ],
            "usr": "s:Sl",
            "mangledName": "$sSl"
          },
          {
            "kind": "Conformance",
            "name": "DataProtocol",
            "printedName": "DataProtocol",
            "children": [
              {
                "kind": "TypeWitness",
                "name": "Regions",
                "printedName": "Regions",
                "children": [
                  {
                    "kind": "TypeNominal",
                    "name": "CollectionOfOne",
                    "printedName": "Swift.CollectionOfOne<Foundation.Data>",
                    "children": [
                      {
                        "kind": "TypeNominal",
                        "name": "Data",
                        "printedName": "Foundation.Data",
                        "usr": "s:10Foundation4DataV"
                      }
                    ],
                    "usr": "s:s15CollectionOfOneV"
                  }
                ]
              }
            ],
            "usr": "s:10Foundation12DataProtocolP",
            "mangledName": "$s10Foundation12DataProtocolP"
          },
          {
            "kind": "Conformance",
            "name": "Sequence",
            "printedName": "Sequence",
            "children": [
              {
                "kind": "TypeWitness",
                "name": "Element",
                "printedName": "Element",
                "children": [
                  {
                    "kind": "TypeNominal",
                    "name": "UInt8",
                    "printedName": "Swift.UInt8",
                    "usr": "s:s5UInt8V"
                  }
                ]
              },
              {
                "kind": "TypeWitness",
                "name": "Iterator",
                "printedName": "Iterator",
                "children": [
                  {
                    "kind": "TypeNominal",
                    "name": "Iterator",
                    "printedName": "Foundation.Data.Iterator",
                    "usr": "s:10Foundation4DataV8IteratorV"
                  }
                ]
              }
            ],
            "usr": "s:ST",
            "mangledName": "$sST"
          },
          {
            "kind": "Conformance",
            "name": "CustomStringConvertible",
            "printedName": "CustomStringConvertible",
            "usr": "s:s23CustomStringConvertibleP",
            "mangledName": "$ss23CustomStringConvertibleP"
          },
          {
            "kind": "Conformance",
            "name": "CustomDebugStringConvertible",
            "printedName": "CustomDebugStringConvertible",
            "usr": "s:s28CustomDebugStringConvertibleP",
            "mangledName": "$ss28CustomDebugStringConvertibleP"
          },
          {
            "kind": "Conformance",
            "name": "CustomReflectable",
            "printedName": "CustomReflectable",
            "usr": "s:s17CustomReflectableP",
            "mangledName": "$ss17CustomReflectableP"
          },
          {
            "kind": "Conformance",
            "name": "_ObjectiveCBridgeable",
            "printedName": "_ObjectiveCBridgeable",
            "children": [
              {
                "kind": "TypeWitness",
                "name": "_ObjectiveCType",
                "printedName": "_ObjectiveCType",
                "children": [
                  {
                    "kind": "TypeNominal",
                    "name": "NSData",
                    "printedName": "Foundation.NSData",
                    "usr": "c:objc(cs)NSData"
                  }
                ]
              }
            ],
            "usr": "s:s21_ObjectiveCBridgeableP",
            "mangledName": "$ss21_ObjectiveCBridgeableP"
          },
          {
            "kind": "Conformance",
            "name": "Decodable",
            "printedName": "Decodable",
            "usr": "s:Se",
            "mangledName": "$sSe"
          },
          {
            "kind": "Conformance",
            "name": "Encodable",
            "printedName": "Encodable",
            "usr": "s:SE",
            "mangledName": "$sSE"
          },
          {
            "kind": "Conformance",
            "name": "Transferable",
            "printedName": "Transferable",
            "children": [
              {
                "kind": "TypeWitness",
                "name": "Representation",
                "printedName": "Representation",
                "children": [
                  {
                    "kind": "TypeNominal",
                    "name": "OpaqueTypeArchetype",
                    "printedName": "some CoreTransferable.TransferRepresentation",
                    "children": [
                      {
                        "kind": "TypeNominal",
                        "name": "TransferRepresentation",
                        "printedName": "CoreTransferable.TransferRepresentation",
                        "usr": "s:16CoreTransferable22TransferRepresentationP"
                      },
                      {
                        "kind": "TypeNominal",
                        "name": "Sendable",
                        "printedName": "Swift.Sendable",
                        "usr": "s:s8SendableP"
                      }
                    ]
                  }
                ]
              }
            ],
            "usr": "s:16CoreTransferable0B0P",
            "mangledName": "$s16CoreTransferable0B0P"
          },
          {
            "kind": "Conformance",
            "name": "CryptoDigest",
            "printedName": "CryptoDigest",
            "usr": "s:7Cryptor12CryptoDigestP",
            "mangledName": "$s7Cryptor12CryptoDigestP"
          }
        ]
      }
    ],
    "json_format_version": 8
  },
  "ConstValues": [
    {
      "filePath": "\/Users\/mladenba\/work\/git\/mobile\/ios-sdk-source\/Sources\/UI\/Support+ViewController.swift",
      "kind": "FloatLiteral",
      "offset": 344,
      "length": 6,
      "value": "0.1255"
    },
    {
      "filePath": "\/Users\/mladenba\/work\/git\/mobile\/ios-sdk-source\/Sources\/UI\/Support+ViewController.swift",
      "kind": "FloatLiteral",
      "offset": 359,
      "length": 6,
      "value": "0.1255"
    },
    {
      "filePath": "\/Users\/mladenba\/work\/git\/mobile\/ios-sdk-source\/Sources\/UI\/Support+ViewController.swift",
      "kind": "FloatLiteral",
      "offset": 373,
      "length": 6,
      "value": "0.1255"
    },
    {
      "filePath": "\/Users\/mladenba\/work\/git\/mobile\/ios-sdk-source\/Sources\/UI\/Support+ViewController.swift",
      "kind": "FloatLiteral",
      "offset": 388,
      "length": 3,
      "value": "1.0"
    },
    {
      "filePath": "\/Users\/mladenba\/work\/git\/mobile\/ios-sdk-source\/Sources\/UI\/Support+ViewController.swift",
      "kind": "StringLiteral",
      "offset": 161,
      "length": 14,
      "value": "\"DevRevSDK.ViewController\""
    },
    {
      "filePath": "\/Users\/mladenba\/work\/git\/mobile\/ios-sdk-source\/Sources\/Public Interfaces\/DevRev+Support.swift",
      "kind": "BooleanLiteral",
      "offset": 451,
      "length": 4,
      "value": "true"
    },
    {
      "filePath": "\/Users\/mladenba\/work\/git\/mobile\/ios-sdk-source\/Sources\/Public Interfaces\/DevRev+Support.swift",
      "kind": "BooleanLiteral",
      "offset": 906,
      "length": 4,
      "value": "true"
    },
    {
      "filePath": "\/Users\/mladenba\/work\/git\/mobile\/ios-sdk-source\/Sources\/Public Interfaces\/DevRev+Support.swift",
      "kind": "BooleanLiteral",
      "offset": 1485,
      "length": 4,
      "value": "true"
    },
    {
      "filePath": "\/Users\/mladenba\/work\/git\/mobile\/ios-sdk-source\/Sources\/Public Interfaces\/DevRev+Support.swift",
      "kind": "BooleanLiteral",
      "offset": 2136,
      "length": 4,
      "value": "true"
    },
    {
      "filePath": "\/Users\/mladenba\/work\/git\/mobile\/ios-sdk-source\/Sources\/Extensions\/JSONDecoder+Custom.swift",
      "kind": "StringLiteral",
      "offset": 264,
      "length": 28,
      "value": "\"yyyy-MM-dd'T'HH:mm:ss.SSSZ\""
    },
    {
      "filePath": "\/Users\/mladenba\/work\/git\/mobile\/ios-sdk-source\/Sources\/Extensions\/JSONEncoder+Custom.swift",
      "kind": "StringLiteral",
      "offset": 264,
      "length": 28,
      "value": "\"yyyy-MM-dd'T'HH:mm:ss.SSSZ\""
    },
    {
      "filePath": "\/Users\/mladenba\/work\/git\/mobile\/ios-sdk-source\/Sources\/Constants.swift",
      "kind": "StringLiteral",
      "offset": 81,
      "length": 15,
      "value": "\"ai.devrev.sdk\""
    },
    {
      "filePath": "\/Users\/mladenba\/work\/git\/mobile\/ios-sdk-source\/Sources\/Constants.swift",
      "kind": "StringLiteral",
      "offset": 108,
      "length": 8,
      "value": "\"DevRev\""
    },
    {
      "filePath": "\/Users\/mladenba\/work\/git\/mobile\/ios-sdk-source\/Sources\/Constants.swift",
      "kind": "StringLiteral",
      "offset": 195,
      "length": 17,
      "value": "\"DevRevExpiresAt\""
    },
    {
      "filePath": "\/Users\/mladenba\/work\/git\/mobile\/ios-sdk-source\/Sources\/Constants.swift",
      "kind": "IntegerLiteral",
      "offset": 266,
      "length": 1,
      "value": "7"
    },
    {
      "filePath": "\/Users\/mladenba\/work\/git\/mobile\/ios-sdk-source\/Sources\/Constants.swift",
      "kind": "IntegerLiteral",
      "offset": 301,
      "length": 1,
      "value": "3"
    },
    {
      "filePath": "\/Users\/mladenba\/work\/git\/mobile\/ios-sdk-source\/Sources\/Constants.swift",
      "kind": "StringLiteral",
      "offset": 337,
      "length": 23,
      "value": "\"https:\/\/api.devrev.ai\""
    },
    {
      "filePath": "\/Users\/mladenba\/work\/git\/mobile\/ios-sdk-source\/Sources\/Constants.swift",
      "kind": "StringLiteral",
      "offset": 383,
      "length": 36,
      "value": "\"https:\/\/self.auth-token.devrev.ai\/\""
    },
    {
      "filePath": "\/Users\/mladenba\/work\/git\/mobile\/ios-sdk-source\/Sources\/Constants.swift",
      "kind": "StringLiteral",
      "offset": 443,
      "length": 7,
      "value": "\"janus\""
    },
    {
      "filePath": "\/Users\/mladenba\/work\/git\/mobile\/ios-sdk-source\/Sources\/Constants.swift",
      "kind": "StringLiteral",
      "offset": 475,
      "length": 40,
      "value": "\"urn:devrev:params:oauth:token-type:aat\""
    },
    {
      "filePath": "\/Users\/mladenba\/work\/git\/mobile\/ios-sdk-source\/Sources\/Constants.swift",
      "kind": "StringLiteral",
      "offset": 535,
      "length": 5,
      "value": "\"JWT\""
    },
    {
      "filePath": "\/Users\/mladenba\/work\/git\/mobile\/ios-sdk-source\/Sources\/Model\/Identification.swift",
      "kind": "StringLiteral",
      "offset": 1351,
      "length": 9,
      "value": "\"userRef\""
    },
    {
      "filePath": "\/Users\/mladenba\/work\/git\/mobile\/ios-sdk-source\/Sources\/Model\/Identification.swift",
      "kind": "StringLiteral",
      "offset": 1385,
      "length": 8,
      "value": "\"orgRef\""
    },
    {
      "filePath": "\/Users\/mladenba\/work\/git\/mobile\/ios-sdk-source\/Sources\/Model\/Identification.swift",
      "kind": "StringLiteral",
      "offset": 1422,
      "length": 11,
      "value": "\"orgTraits\""
    },
    {
      "filePath": "\/Users\/mladenba\/work\/git\/mobile\/ios-sdk-source\/Sources\/Model\/Identification.swift",
      "kind": "StringLiteral",
      "offset": 1351,
      "length": 9,
      "value": "\"userRef\""
    },
    {
      "filePath": "\/Users\/mladenba\/work\/git\/mobile\/ios-sdk-source\/Sources\/Model\/Identification.swift",
      "kind": "StringLiteral",
      "offset": 1385,
      "length": 8,
      "value": "\"orgRef\""
    },
    {
      "filePath": "\/Users\/mladenba\/work\/git\/mobile\/ios-sdk-source\/Sources\/Model\/Identification.swift",
      "kind": "StringLiteral",
      "offset": 1422,
      "length": 11,
      "value": "\"orgTraits\""
    },
    {
      "filePath": "\/Users\/mladenba\/work\/git\/mobile\/ios-sdk-source\/Sources\/Model\/TokenExchangeClaims.swift",
      "kind": "StringLiteral",
      "offset": 397,
      "length": 5,
      "value": "\"jti\""
    },
    {
      "filePath": "\/Users\/mladenba\/work\/git\/mobile\/ios-sdk-source\/Sources\/Model\/TokenExchangeClaims.swift",
      "kind": "StringLiteral",
      "offset": 419,
      "length": 5,
      "value": "\"iss\""
    },
    {
      "filePath": "\/Users\/mladenba\/work\/git\/mobile\/ios-sdk-source\/Sources\/Model\/TokenExchangeClaims.swift",
      "kind": "StringLiteral",
      "offset": 442,
      "length": 5,
      "value": "\"sub\""
    },
    {
      "filePath": "\/Users\/mladenba\/work\/git\/mobile\/ios-sdk-source\/Sources\/Model\/TokenExchangeClaims.swift",
      "kind": "StringLiteral",
      "offset": 466,
      "length": 5,
      "value": "\"aud\""
    },
    {
      "filePath": "\/Users\/mladenba\/work\/git\/mobile\/ios-sdk-source\/Sources\/Model\/TokenExchangeClaims.swift",
      "kind": "StringLiteral",
      "offset": 491,
      "length": 5,
      "value": "\"exp\""
    },
    {
      "filePath": "\/Users\/mladenba\/work\/git\/mobile\/ios-sdk-source\/Sources\/Model\/TokenExchangeClaims.swift",
      "kind": "StringLiteral",
      "offset": 515,
      "length": 5,
      "value": "\"iat\""
    },
    {
      "filePath": "\/Users\/mladenba\/work\/git\/mobile\/ios-sdk-source\/Sources\/Model\/TokenExchangeClaims.swift",
      "kind": "StringLiteral",
      "offset": 545,
      "length": 25,
      "value": "\"http:\/\/devrev.ai\/svcacc\""
    },
    {
      "filePath": "\/Users\/mladenba\/work\/git\/mobile\/ios-sdk-source\/Sources\/Model\/TokenExchangeClaims.swift",
      "kind": "StringLiteral",
      "offset": 590,
      "length": 28,
      "value": "\"http:\/\/devrev.ai\/tokentype\""
    },
    {
      "filePath": "\/Users\/mladenba\/work\/git\/mobile\/ios-sdk-source\/Sources\/Model\/TokenExchangeClaims.swift",
      "kind": "StringLiteral",
      "offset": 397,
      "length": 5,
      "value": "\"jti\""
    },
    {
      "filePath": "\/Users\/mladenba\/work\/git\/mobile\/ios-sdk-source\/Sources\/Model\/TokenExchangeClaims.swift",
      "kind": "StringLiteral",
      "offset": 419,
      "length": 5,
      "value": "\"iss\""
    },
    {
      "filePath": "\/Users\/mladenba\/work\/git\/mobile\/ios-sdk-source\/Sources\/Model\/TokenExchangeClaims.swift",
      "kind": "StringLiteral",
      "offset": 442,
      "length": 5,
      "value": "\"sub\""
    },
    {
      "filePath": "\/Users\/mladenba\/work\/git\/mobile\/ios-sdk-source\/Sources\/Model\/TokenExchangeClaims.swift",
      "kind": "StringLiteral",
      "offset": 466,
      "length": 5,
      "value": "\"aud\""
    },
    {
      "filePath": "\/Users\/mladenba\/work\/git\/mobile\/ios-sdk-source\/Sources\/Model\/TokenExchangeClaims.swift",
      "kind": "StringLiteral",
      "offset": 491,
      "length": 5,
      "value": "\"exp\""
    },
    {
      "filePath": "\/Users\/mladenba\/work\/git\/mobile\/ios-sdk-source\/Sources\/Model\/TokenExchangeClaims.swift",
      "kind": "StringLiteral",
      "offset": 515,
      "length": 5,
      "value": "\"iat\""
    },
    {
      "filePath": "\/Users\/mladenba\/work\/git\/mobile\/ios-sdk-source\/Sources\/Model\/TokenExchangeClaims.swift",
      "kind": "StringLiteral",
      "offset": 545,
      "length": 25,
      "value": "\"http:\/\/devrev.ai\/svcacc\""
    },
    {
      "filePath": "\/Users\/mladenba\/work\/git\/mobile\/ios-sdk-source\/Sources\/Model\/TokenExchangeClaims.swift",
      "kind": "StringLiteral",
      "offset": 590,
      "length": 28,
      "value": "\"http:\/\/devrev.ai\/tokentype\""
    },
    {
      "filePath": "\/Users\/mladenba\/work\/git\/mobile\/ios-sdk-source\/Sources\/Model\/TokenExchangeHeader.swift",
      "kind": "StringLiteral",
      "offset": 244,
      "length": 5,
      "value": "\"kid\""
    },
    {
      "filePath": "\/Users\/mladenba\/work\/git\/mobile\/ios-sdk-source\/Sources\/Model\/TokenExchangeHeader.swift",
      "kind": "StringLiteral",
      "offset": 264,
      "length": 5,
      "value": "\"typ\""
    },
    {
      "filePath": "\/Users\/mladenba\/work\/git\/mobile\/ios-sdk-source\/Sources\/Model\/TokenExchangeHeader.swift",
      "kind": "StringLiteral",
      "offset": 286,
      "length": 5,
      "value": "\"iss\""
    },
    {
      "filePath": "\/Users\/mladenba\/work\/git\/mobile\/ios-sdk-source\/Sources\/Model\/TokenExchangeHeader.swift",
      "kind": "StringLiteral",
      "offset": 244,
      "length": 5,
      "value": "\"kid\""
    },
    {
      "filePath": "\/Users\/mladenba\/work\/git\/mobile\/ios-sdk-source\/Sources\/Model\/TokenExchangeHeader.swift",
      "kind": "StringLiteral",
      "offset": 264,
      "length": 5,
      "value": "\"typ\""
    },
    {
      "filePath": "\/Users\/mladenba\/work\/git\/mobile\/ios-sdk-source\/Sources\/Model\/TokenExchangeHeader.swift",
      "kind": "StringLiteral",
      "offset": 286,
      "length": 5,
      "value": "\"iss\""
    },
    {
      "filePath": "\/Users\/mladenba\/work\/git\/mobile\/ios-sdk-source\/Sources\/Model\/CreateToken+Request.swift",
      "kind": "StringLiteral",
      "offset": 211,
      "length": 9,
      "value": "\"revInfo\""
    },
    {
      "filePath": "\/Users\/mladenba\/work\/git\/mobile\/ios-sdk-source\/Sources\/Model\/CreateToken+Request.swift",
      "kind": "StringLiteral",
      "offset": 211,
      "length": 9,
      "value": "\"revInfo\""
    }
  ]
}