{"includedArchiveIdentifiers":["ai.devrev.sdk"],"interfaceLanguages":{"occ":[{"children":[{"title":"Classes","type":"groupMarker"},{"children":[{"title":"Instance Properties","type":"groupMarker"},{"path":"\/documentation\/devrevsdk\/accounttraits\/accountdescription","title":"accountDescription","type":"property"},{"path":"\/documentation\/devrevsdk\/accounttraits\/customfields","title":"customFields","type":"property"},{"path":"\/documentation\/devrevsdk\/accounttraits\/displayname","title":"displayName","type":"property"},{"path":"\/documentation\/devrevsdk\/accounttraits\/domains","title":"domains","type":"property"},{"path":"\/documentation\/devrevsdk\/accounttraits\/phonenumbers","title":"phoneNumbers","type":"property"},{"path":"\/documentation\/devrevsdk\/accounttraits\/tier","title":"tier","type":"property"},{"path":"\/documentation\/devrevsdk\/accounttraits\/websites","title":"websites","type":"property"},{"title":"Instance Methods","type":"groupMarker"},{"path":"\/documentation\/devrevsdk\/accounttraits\/initwithdisplayname:domains:accountdescription:phonenumbers:websites:tier:customfields:","title":"initWithDisplayName:domains:accountDescription:phoneNumbers:websites:tier:customFields:","type":"method"}],"path":"\/documentation\/devrevsdk\/accounttraits","title":"AccountTraits","type":"class"},{"children":[{"title":"Instance Methods","type":"groupMarker"},{"path":"\/documentation\/devrevsdk\/devrev-7x2h1\/init","title":"init","type":"method"},{"title":"Type Properties","type":"groupMarker"},{"path":"\/documentation\/devrevsdk\/devrevinterop\/inapplinkhandler","title":"inAppLinkHandler","type":"property"},{"path":"\/documentation\/devrevsdk\/devrevinterop\/shoulddismissmodalsonopenlink","title":"shouldDismissModalsOnOpenLink","type":"property"},{"title":"Type Methods","type":"groupMarker"},{"path":"\/documentation\/devrevsdk\/devrevinterop\/addsessionproperties(_:)","title":"addSessionProperties:","type":"method"},{"path":"\/documentation\/devrevsdk\/devrevinterop\/clearsessionproperties()","title":"clearSessionProperties","type":"method"},{"path":"\/documentation\/devrevsdk\/devrevinterop\/configure(appid:)","title":"configureWithAppID:","type":"method"},{"path":"\/documentation\/devrevsdk\/devrevinterop\/createsupportconversation(isanimated:)","title":"createSupportConversation:","type":"method"},{"path":"\/documentation\/devrevsdk\/devrevinterop\/endtimer(_:properties:)","title":"endTimerWithName:properties:","type":"method"},{"path":"\/documentation\/devrevsdk\/devrevinterop\/identifyanonymoususer(userid:)","title":"identifyAnonymousUser:","type":"method"},{"path":"\/documentation\/devrevsdk\/devrevinterop\/identifyunverifieduser(_:)","title":"identifyUnverifiedUser:","type":"method"},{"path":"\/documentation\/devrevsdk\/devrevinterop\/identifyverifieduser(_:sessiontoken:)","title":"identifyVerifiedUser:sesionToken:","type":"method"},{"path":"\/documentation\/devrevsdk\/devrevinterop\/logout(deviceid:)","title":"logoutWithDeviceID:","type":"method"},{"path":"\/documentation\/devrevsdk\/devrevinterop\/marksensitiveviews(_:)","title":"markSensitiveViews:","type":"method"},{"path":"\/documentation\/devrevsdk\/devrevinterop\/pauserecording()","title":"pauseRecording","type":"method"},{"path":"\/documentation\/devrevsdk\/devrevinterop\/processallondemandsessions()","title":"processAllOnDemandSessions","type":"method"},{"path":"\/documentation\/devrevsdk\/devrevinterop\/processpushnotification(_:)-7ncbs","title":"processPushNotification:","type":"method"},{"path":"\/documentation\/devrevsdk\/devrevinterop\/registerdevicetoken(_:deviceid:)-3acfg","title":"registerRawDeviceToken:forDeviceID:","type":"method"},{"path":"\/documentation\/devrevsdk\/devrevinterop\/registerdevicetoken(_:deviceid:)-9lp2p","title":"registerDeviceToken:forDeviceID:","type":"method"},{"path":"\/documentation\/devrevsdk\/devrevinterop\/resumeallmonitoring()","title":"resumeAllMonitoring","type":"method"},{"path":"\/documentation\/devrevsdk\/devrevinterop\/resumerecording()","title":"resumeRecording","type":"method"},{"path":"\/documentation\/devrevsdk\/devrevinterop\/sessionurl(for:)","title":"sessionURLForPlatform:","type":"method"},{"path":"\/documentation\/devrevsdk\/devrevinterop\/setdelegate(_:)","title":"setDelegate:","type":"method"},{"path":"\/documentation\/devrevsdk\/devrevinterop\/showsupport(from:isanimated:)-3d2ry","title":"showSupportFromNavigationController:isAnimated:","type":"method"},{"path":"\/documentation\/devrevsdk\/devrevinterop\/showsupport(from:isanimated:)-5ycu9","title":"showSupportFromParentViewController:isAnimated:","type":"method"},{"path":"\/documentation\/devrevsdk\/devrevinterop\/showsupport(isanimated:)","title":"showSupport:","type":"method"},{"path":"\/documentation\/devrevsdk\/devrevinterop\/startrecording()","title":"startRecording","type":"method"},{"path":"\/documentation\/devrevsdk\/devrevinterop\/starttimer(_:properties:)","title":"startTimerWithName:properties:","type":"method"},{"path":"\/documentation\/devrevsdk\/devrevinterop\/stopallmonitoring()","title":"stopAllMonitoring","type":"method"},{"path":"\/documentation\/devrevsdk\/devrevinterop\/stoprecording()","title":"stopRecording","type":"method"},{"path":"\/documentation\/devrevsdk\/devrevinterop\/trackevent(name:properties:)","title":"trackEventWithName:properties:","type":"method"},{"path":"\/documentation\/devrevsdk\/devrevinterop\/trackscreenname(_:)","title":"trackScreenWithName:","type":"method"},{"path":"\/documentation\/devrevsdk\/devrevinterop\/unmarksensitiveviews(_:)","title":"unmarkSensitiveViews:","type":"method"},{"path":"\/documentation\/devrevsdk\/devrevinterop\/unregisterdevice(_:)","title":"unregisterDeviceWithID:","type":"method"},{"path":"\/documentation\/devrevsdk\/devrevinterop\/updateuser(_:)","title":"updateUserWithIdentity:","type":"method"}],"path":"\/documentation\/devrevsdk\/devrevinterop","title":"DevRev","type":"class"},{"children":[{"title":"Instance Properties","type":"groupMarker"},{"path":"\/documentation\/devrevsdk\/identity\/accountid","title":"accountID","type":"property"},{"path":"\/documentation\/devrevsdk\/identity\/accounttraits-swift.property","title":"accountTraits","type":"property"},{"path":"\/documentation\/devrevsdk\/identity\/debugdescription","title":"debugDescription","type":"property"},{"path":"\/documentation\/devrevsdk\/identity\/organizationid","title":"organizationID","type":"property"},{"path":"\/documentation\/devrevsdk\/identity\/organizationtraits-swift.property","title":"organizationTraits","type":"property"},{"path":"\/documentation\/devrevsdk\/identity\/userid","title":"userID","type":"property"},{"path":"\/documentation\/devrevsdk\/identity\/usertraits-swift.property","title":"userTraits","type":"property"},{"title":"Instance Methods","type":"groupMarker"},{"path":"\/documentation\/devrevsdk\/identity\/init(userid:organizationid:accountid:usertraits:organizationtraits:accounttraits:)","title":"initWithUserID:organizationID:accountID:userTraits:organizationTraits:accountTraits:","type":"method"}],"path":"\/documentation\/devrevsdk\/identity","title":"Identity","type":"class"},{"children":[{"title":"Instance Properties","type":"groupMarker"},{"path":"\/documentation\/devrevsdk\/organizationtraits\/customfields","title":"customFields","type":"property"},{"path":"\/documentation\/devrevsdk\/organizationtraits\/displayname","title":"displayName","type":"property"},{"path":"\/documentation\/devrevsdk\/organizationtraits\/domain","title":"domain","type":"property"},{"path":"\/documentation\/devrevsdk\/organizationtraits\/organizationdescription","title":"organizationDescription","type":"property"},{"path":"\/documentation\/devrevsdk\/organizationtraits\/phonenumbers","title":"phoneNumbers","type":"property"},{"path":"\/documentation\/devrevsdk\/organizationtraits\/tier","title":"tier","type":"property"},{"title":"Instance Methods","type":"groupMarker"},{"path":"\/documentation\/devrevsdk\/organizationtraits\/initwithdisplayname:domain:organizationdescription:phonenumbers:tier:customfields:","title":"initWithDisplayName:domain:organizationDescription:phoneNumbers:tier:customFields:","type":"method"}],"path":"\/documentation\/devrevsdk\/organizationtraits","title":"OrganizationTraits","type":"class"},{"children":[{"title":"Instance Properties","type":"groupMarker"},{"path":"\/documentation\/devrevsdk\/usertraits\/customfields","title":"customFields","type":"property"},{"path":"\/documentation\/devrevsdk\/usertraits\/displayname","title":"displayName","type":"property"},{"path":"\/documentation\/devrevsdk\/usertraits\/email","title":"email","type":"property"},{"path":"\/documentation\/devrevsdk\/usertraits\/fullname","title":"fullName","type":"property"},{"path":"\/documentation\/devrevsdk\/usertraits\/phonenumbers","title":"phoneNumbers","type":"property"},{"path":"\/documentation\/devrevsdk\/usertraits\/userdescription","title":"userDescription","type":"property"},{"title":"Instance Methods","type":"groupMarker"},{"path":"\/documentation\/devrevsdk\/usertraits\/initwithdisplayname:email:fullname:userdescription:phonenumbers:customfields:","title":"initWithDisplayName:email:fullName:userDescription:phoneNumbers:customFields:","type":"method"}],"path":"\/documentation\/devrevsdk\/usertraits","title":"UserTraits","type":"class"},{"title":"Protocols","type":"groupMarker"},{"children":[{"title":"Instance Methods","type":"groupMarker"},{"path":"\/documentation\/devrevsdk\/devrevdelegate\/devrevsessiondidstart()","title":"devRevSessionDidStart","type":"method"}],"path":"\/documentation\/devrevsdk\/devrevdelegate","title":"DevRevDelegate","type":"protocol"},{"title":"Variables","type":"groupMarker"},{"path":"\/documentation\/devrevsdk\/devrevsdkversionnumber","title":"DevRevSDKVersionNumber","type":"var"},{"path":"\/documentation\/devrevsdk\/devrevsdkversionstring","title":"DevRevSDKVersionString","type":"var"}],"path":"\/documentation\/devrevsdk","title":"DevRevSDK","type":"module"}],"swift":[{"children":[{"title":"Classes","type":"groupMarker"},{"children":[{"title":"Type Properties","type":"groupMarker"},{"path":"\/documentation\/devrevsdk\/devrev-35snb\/areondemandsessionsenabled","title":"static var areOnDemandSessionsEnabled: Bool","type":"property"},{"path":"\/documentation\/devrevsdk\/devrev-35snb\/conversationcreatedcompletion","title":"static var conversationCreatedCompletion: ((String) -> Void)?","type":"property"},{"path":"\/documentation\/devrevsdk\/devrev-35snb\/inapplinkhandler","title":"static var inAppLinkHandler: ((URL) -> Void)?","type":"property"},{"path":"\/documentation\/devrevsdk\/devrev-35snb\/isconfigured","title":"static var isConfigured: Bool","type":"property"},{"path":"\/documentation\/devrevsdk\/devrev-35snb\/ismonitoringenabled","title":"static var isMonitoringEnabled: Bool","type":"property"},{"path":"\/documentation\/devrevsdk\/devrev-35snb\/isrecording","title":"static var isRecording: Bool","type":"property"},{"path":"\/documentation\/devrevsdk\/devrev-35snb\/isuseridentified","title":"static var isUserIdentified: Bool","type":"property"},{"path":"\/documentation\/devrevsdk\/devrev-35snb\/preferssystemtheme","title":"static var prefersSystemTheme: Bool","type":"property"},{"path":"\/documentation\/devrevsdk\/devrev-35snb\/shoulddismissmodalsonopenlink","title":"static var shouldDismissModalsOnOpenLink: Bool","type":"property"},{"path":"\/documentation\/devrevsdk\/devrev-35snb\/supportview","title":"static var supportView: some View","type":"property"},{"title":"Type Methods","type":"groupMarker"},{"path":"\/documentation\/devrevsdk\/devrev-35snb\/addsessionproperties(_:)","title":"static func addSessionProperties([String : String])","type":"method"},{"path":"\/documentation\/devrevsdk\/devrev-35snb\/clearsessionproperties()","title":"static func clearSessionProperties()","type":"method"},{"path":"\/documentation\/devrevsdk\/devrev-35snb\/configure(appid:)","title":"static func configure(appID: String)","type":"method"},{"path":"\/documentation\/devrevsdk\/devrev-35snb\/createsupportconversation(isanimated:)","title":"static func createSupportConversation(isAnimated: Bool) async","type":"method"},{"path":"\/documentation\/devrevsdk\/devrev-35snb\/endtimer(_:properties:)","title":"static func endTimer(String, properties: [String : String])","type":"method"},{"path":"\/documentation\/devrevsdk\/devrev-35snb\/identifyanonymoususer(_:)","title":"static func identifyAnonymousUser(String) async","type":"method"},{"path":"\/documentation\/devrevsdk\/devrev-35snb\/identifyunverifieduser(_:)","title":"static func identifyUnverifiedUser(Identity) async","type":"method"},{"path":"\/documentation\/devrevsdk\/devrev-35snb\/identifyverifieduser(_:sessiontoken:)","title":"static func identifyVerifiedUser(String, sessionToken: String) async","type":"method"},{"path":"\/documentation\/devrevsdk\/devrev-35snb\/logout(deviceid:)","title":"static func logout(deviceID: String) async","type":"method"},{"path":"\/documentation\/devrevsdk\/devrev-35snb\/marksensitiveviews(_:)","title":"static func markSensitiveViews([UIView])","type":"method"},{"path":"\/documentation\/devrevsdk\/devrev-35snb\/pauserecording()","title":"static func pauseRecording()","type":"method"},{"path":"\/documentation\/devrevsdk\/devrev-35snb\/processallondemandsessions()","title":"static func processAllOnDemandSessions()","type":"method"},{"path":"\/documentation\/devrevsdk\/devrev-35snb\/processpushnotification(_:)-50sif","title":"static func processPushNotification([AnyHashable : Any]) async","type":"method"},{"path":"\/documentation\/devrevsdk\/devrev-35snb\/processpushnotification(_:)-q2aa","title":"static func processPushNotification([String : any Sendable]) async","type":"method"},{"path":"\/documentation\/devrevsdk\/devrev-35snb\/registerdevicetoken(_:deviceid:)-7xzi6","title":"static func registerDeviceToken(Data, deviceID: String) async","type":"method"},{"path":"\/documentation\/devrevsdk\/devrev-35snb\/registerdevicetoken(_:deviceid:)-9xdot","title":"static func registerDeviceToken(String, deviceID: String) async","type":"method"},{"path":"\/documentation\/devrevsdk\/devrev-35snb\/resumeallmonitoring()","title":"static func resumeAllMonitoring()","type":"method"},{"path":"\/documentation\/devrevsdk\/devrev-35snb\/resumerecording()","title":"static func resumeRecording()","type":"method"},{"path":"\/documentation\/devrevsdk\/devrev-35snb\/sessionurl(for:)","title":"static func sessionURL(for: String) -> URL?","type":"method"},{"path":"\/documentation\/devrevsdk\/devrev-35snb\/setdelegate(_:)","title":"static func setDelegate(DevRevDelegate)","type":"method"},{"path":"\/documentation\/devrevsdk\/devrev-35snb\/showsupport(from:isanimated:)-8ng3m","title":"static func showSupport(from: UINavigationController, isAnimated: Bool) async","type":"method"},{"path":"\/documentation\/devrevsdk\/devrev-35snb\/showsupport(from:isanimated:)-pz6p","title":"static func showSupport(from: UIViewController, isAnimated: Bool) async","type":"method"},{"path":"\/documentation\/devrevsdk\/devrev-35snb\/showsupport(isanimated:)","title":"static func showSupport(isAnimated: Bool) async","type":"method"},{"path":"\/documentation\/devrevsdk\/devrev-35snb\/startrecording()","title":"static func startRecording() async","type":"method"},{"path":"\/documentation\/devrevsdk\/devrev-35snb\/starttimer(_:properties:)","title":"static func startTimer(String, properties: [String : String])","type":"method"},{"path":"\/documentation\/devrevsdk\/devrev-35snb\/stopallmonitoring()","title":"static func stopAllMonitoring()","type":"method"},{"path":"\/documentation\/devrevsdk\/devrev-35snb\/stoprecording()","title":"static func stopRecording()","type":"method"},{"path":"\/documentation\/devrevsdk\/devrev-35snb\/trackevent(name:properties:)","title":"static func trackEvent(name: String, properties: [String : String]) async","type":"method"},{"path":"\/documentation\/devrevsdk\/devrev-35snb\/trackscreenname(_:)","title":"static func trackScreenName(String)","type":"method"},{"path":"\/documentation\/devrevsdk\/devrev-35snb\/unmarksensitiveviews(_:)","title":"static func unmarkSensitiveViews([UIView])","type":"method"},{"path":"\/documentation\/devrevsdk\/devrev-35snb\/unregisterdevice(_:)","title":"static func unregisterDevice(String) async","type":"method"},{"path":"\/documentation\/devrevsdk\/devrev-35snb\/updateuser(_:)","title":"static func updateUser(Identity) async","type":"method"}],"path":"\/documentation\/devrevsdk\/devrev-35snb","title":"DevRev","type":"class"},{"children":[{"title":"Type Properties","type":"groupMarker"},{"path":"\/documentation\/devrevsdk\/devrevinterop\/areondemandsessionsenabled","title":"static var areOnDemandSessionsEnabled: Bool","type":"property"},{"path":"\/documentation\/devrevsdk\/devrevinterop\/inapplinkhandler","title":"static var inAppLinkHandler: ((URL) -> Void)?","type":"property"},{"path":"\/documentation\/devrevsdk\/devrevinterop\/isconfigured","title":"static var isConfigured: Bool","type":"property"},{"path":"\/documentation\/devrevsdk\/devrevinterop\/ismonitoringenabled","title":"static var isMonitoringEnabled: Bool","type":"property"},{"path":"\/documentation\/devrevsdk\/devrevinterop\/isrecording","title":"static var isRecording: Bool","type":"property"},{"path":"\/documentation\/devrevsdk\/devrevinterop\/isuseridentified","title":"static var isUserIdentified: Bool","type":"property"},{"path":"\/documentation\/devrevsdk\/devrevinterop\/preferssystemtheme","title":"static var prefersSystemTheme: Bool","type":"property"},{"path":"\/documentation\/devrevsdk\/devrevinterop\/shoulddismissmodalsonopenlink","title":"static var shouldDismissModalsOnOpenLink: Bool","type":"property"},{"title":"Type Methods","type":"groupMarker"},{"path":"\/documentation\/devrevsdk\/devrevinterop\/addsessionproperties(_:)","title":"static func addSessionProperties([String : String])","type":"method"},{"path":"\/documentation\/devrevsdk\/devrevinterop\/clearsessionproperties()","title":"static func clearSessionProperties()","type":"method"},{"path":"\/documentation\/devrevsdk\/devrevinterop\/configure(appid:)","title":"static func configure(appID: String)","type":"method"},{"path":"\/documentation\/devrevsdk\/devrevinterop\/createsupportconversation(isanimated:)","title":"static func createSupportConversation(isAnimated: Bool)","type":"method"},{"path":"\/documentation\/devrevsdk\/devrevinterop\/endtimer(_:properties:)","title":"static func endTimer(String, properties: [String : String])","type":"method"},{"path":"\/documentation\/devrevsdk\/devrevinterop\/identifyanonymoususer(userid:)","title":"static func identifyAnonymousUser(userID: String)","type":"method"},{"path":"\/documentation\/devrevsdk\/devrevinterop\/identifyunverifieduser(_:)","title":"static func identifyUnverifiedUser(Identity)","type":"method"},{"path":"\/documentation\/devrevsdk\/devrevinterop\/identifyverifieduser(_:sessiontoken:)","title":"static func identifyVerifiedUser(String, sessionToken: String)","type":"method"},{"path":"\/documentation\/devrevsdk\/devrevinterop\/logout(deviceid:)","title":"static func logout(deviceID: String)","type":"method"},{"path":"\/documentation\/devrevsdk\/devrevinterop\/marksensitiveviews(_:)","title":"static func markSensitiveViews([UIView])","type":"method"},{"path":"\/documentation\/devrevsdk\/devrevinterop\/pauserecording()","title":"static func pauseRecording()","type":"method"},{"path":"\/documentation\/devrevsdk\/devrevinterop\/processallondemandsessions()","title":"static func processAllOnDemandSessions()","type":"method"},{"path":"\/documentation\/devrevsdk\/devrevinterop\/processpushnotification(_:)-5r4j4","title":"static func processPushNotification([String : any Sendable])","type":"method"},{"path":"\/documentation\/devrevsdk\/devrevinterop\/processpushnotification(_:)-7ncbs","title":"static func processPushNotification(String)","type":"method"},{"path":"\/documentation\/devrevsdk\/devrevinterop\/registerdevicetoken(_:deviceid:)-3acfg","title":"static func registerDeviceToken(Data, deviceID: String)","type":"method"},{"path":"\/documentation\/devrevsdk\/devrevinterop\/registerdevicetoken(_:deviceid:)-9lp2p","title":"static func registerDeviceToken(String, deviceID: String)","type":"method"},{"path":"\/documentation\/devrevsdk\/devrevinterop\/resumeallmonitoring()","title":"static func resumeAllMonitoring()","type":"method"},{"path":"\/documentation\/devrevsdk\/devrevinterop\/resumerecording()","title":"static func resumeRecording()","type":"method"},{"path":"\/documentation\/devrevsdk\/devrevinterop\/sessionurl(for:)","title":"static func sessionURL(for: String) -> URL?","type":"method"},{"path":"\/documentation\/devrevsdk\/devrevinterop\/setdelegate(_:)","title":"static func setDelegate(DevRevDelegate)","type":"method"},{"path":"\/documentation\/devrevsdk\/devrevinterop\/showsupport(from:isanimated:)-3d2ry","title":"static func showSupport(from: UINavigationController, isAnimated: Bool)","type":"method"},{"path":"\/documentation\/devrevsdk\/devrevinterop\/showsupport(from:isanimated:)-5ycu9","title":"static func showSupport(from: UIViewController, isAnimated: Bool)","type":"method"},{"path":"\/documentation\/devrevsdk\/devrevinterop\/showsupport(isanimated:)","title":"static func showSupport(isAnimated: Bool)","type":"method"},{"path":"\/documentation\/devrevsdk\/devrevinterop\/startrecording()","title":"static func startRecording()","type":"method"},{"path":"\/documentation\/devrevsdk\/devrevinterop\/starttimer(_:properties:)","title":"static func startTimer(String, properties: [String : String])","type":"method"},{"path":"\/documentation\/devrevsdk\/devrevinterop\/stopallmonitoring()","title":"static func stopAllMonitoring()","type":"method"},{"path":"\/documentation\/devrevsdk\/devrevinterop\/stoprecording()","title":"static func stopRecording()","type":"method"},{"path":"\/documentation\/devrevsdk\/devrevinterop\/trackevent(name:properties:)","title":"static func trackEvent(name: String, properties: [String : String])","type":"method"},{"path":"\/documentation\/devrevsdk\/devrevinterop\/trackscreenname(_:)","title":"static func trackScreenName(String)","type":"method"},{"path":"\/documentation\/devrevsdk\/devrevinterop\/unmarksensitiveviews(_:)","title":"static func unmarkSensitiveViews([UIView])","type":"method"},{"path":"\/documentation\/devrevsdk\/devrevinterop\/unregisterdevice(_:)","title":"static func unregisterDevice(String)","type":"method"},{"path":"\/documentation\/devrevsdk\/devrevinterop\/updateuser(_:)","title":"static func updateUser(Identity)","type":"method"}],"path":"\/documentation\/devrevsdk\/devrevinterop","title":"DevRevInterop","type":"class"},{"children":[{"title":"Classes","type":"groupMarker"},{"children":[{"title":"Initializers","type":"groupMarker"},{"path":"\/documentation\/devrevsdk\/identity\/accounttraits-swift.class\/init(displayname:domains:accountdescription:phonenumbers:websites:tier:customfields:)","title":"init(displayName: String?, domains: [String]?, accountDescription: String?, phoneNumbers: [String]?, websites: [String]?, tier: String?, customFields: [String : Any]?)","type":"init"},{"path":"\/documentation\/devrevsdk\/identity\/accounttraits-swift.class\/init(from:)","title":"init(from: any Decoder) throws","type":"init"},{"title":"Instance Properties","type":"groupMarker"},{"path":"\/documentation\/devrevsdk\/identity\/accounttraits-swift.class\/accountdescription","title":"let accountDescription: String?","type":"property"},{"path":"\/documentation\/devrevsdk\/identity\/accounttraits-swift.class\/customfields","title":"let customFields: [String : Any]?","type":"property"},{"path":"\/documentation\/devrevsdk\/identity\/accounttraits-swift.class\/displayname","title":"let displayName: String?","type":"property"},{"path":"\/documentation\/devrevsdk\/identity\/accounttraits-swift.class\/domains","title":"let domains: [String]?","type":"property"},{"path":"\/documentation\/devrevsdk\/identity\/accounttraits-swift.class\/phonenumbers","title":"let phoneNumbers: [String]?","type":"property"},{"path":"\/documentation\/devrevsdk\/identity\/accounttraits-swift.class\/tier","title":"let tier: String?","type":"property"},{"path":"\/documentation\/devrevsdk\/identity\/accounttraits-swift.class\/websites","title":"let websites: [String]?","type":"property"},{"title":"Instance Methods","type":"groupMarker"},{"path":"\/documentation\/devrevsdk\/identity\/accounttraits-swift.class\/encode(to:)","title":"func encode(to: Encoder) throws","type":"method"}],"path":"\/documentation\/devrevsdk\/identity\/accounttraits-swift.class","title":"Identity.AccountTraits","type":"class"},{"children":[{"title":"Initializers","type":"groupMarker"},{"path":"\/documentation\/devrevsdk\/identity\/organizationtraits-swift.class\/init(displayname:domain:organizationdescription:phonenumbers:tier:customfields:)","title":"init(displayName: String?, domain: String?, organizationDescription: String?, phoneNumbers: [String]?, tier: String?, customFields: [String : Any]?)","type":"init"},{"path":"\/documentation\/devrevsdk\/identity\/organizationtraits-swift.class\/init(from:)","title":"init(from: any Decoder) throws","type":"init"},{"title":"Instance Properties","type":"groupMarker"},{"path":"\/documentation\/devrevsdk\/identity\/organizationtraits-swift.class\/customfields","title":"let customFields: [String : Any]?","type":"property"},{"path":"\/documentation\/devrevsdk\/identity\/organizationtraits-swift.class\/displayname","title":"let displayName: String?","type":"property"},{"path":"\/documentation\/devrevsdk\/identity\/organizationtraits-swift.class\/domain","title":"let domain: String?","type":"property"},{"path":"\/documentation\/devrevsdk\/identity\/organizationtraits-swift.class\/organizationdescription","title":"let organizationDescription: String?","type":"property"},{"path":"\/documentation\/devrevsdk\/identity\/organizationtraits-swift.class\/phonenumbers","title":"let phoneNumbers: [String]?","type":"property"},{"path":"\/documentation\/devrevsdk\/identity\/organizationtraits-swift.class\/tier","title":"let tier: String?","type":"property"},{"title":"Instance Methods","type":"groupMarker"},{"path":"\/documentation\/devrevsdk\/identity\/organizationtraits-swift.class\/encode(to:)","title":"func encode(to: Encoder) throws","type":"method"}],"path":"\/documentation\/devrevsdk\/identity\/organizationtraits-swift.class","title":"Identity.OrganizationTraits","type":"class"},{"children":[{"title":"Initializers","type":"groupMarker"},{"path":"\/documentation\/devrevsdk\/identity\/usertraits-swift.class\/init(displayname:email:fullname:userdescription:phonenumbers:customfields:)","title":"init(displayName: String?, email: String?, fullName: String?, userDescription: String?, phoneNumbers: [String]?, customFields: [String : Any]?)","type":"init"},{"path":"\/documentation\/devrevsdk\/identity\/usertraits-swift.class\/init(from:)","title":"init(from: any Decoder) throws","type":"init"},{"title":"Instance Properties","type":"groupMarker"},{"path":"\/documentation\/devrevsdk\/identity\/usertraits-swift.class\/customfields","title":"let customFields: [String : Any]?","type":"property"},{"path":"\/documentation\/devrevsdk\/identity\/usertraits-swift.class\/displayname","title":"let displayName: String?","type":"property"},{"path":"\/documentation\/devrevsdk\/identity\/usertraits-swift.class\/email","title":"let email: String?","type":"property"},{"path":"\/documentation\/devrevsdk\/identity\/usertraits-swift.class\/fullname","title":"let fullName: String?","type":"property"},{"path":"\/documentation\/devrevsdk\/identity\/usertraits-swift.class\/phonenumbers","title":"let phoneNumbers: [String]?","type":"property"},{"path":"\/documentation\/devrevsdk\/identity\/usertraits-swift.class\/userdescription","title":"let userDescription: String?","type":"property"},{"title":"Instance Methods","type":"groupMarker"},{"path":"\/documentation\/devrevsdk\/identity\/usertraits-swift.class\/encode(to:)","title":"func encode(to: Encoder) throws","type":"method"}],"path":"\/documentation\/devrevsdk\/identity\/usertraits-swift.class","title":"Identity.UserTraits","type":"class"},{"title":"Initializers","type":"groupMarker"},{"path":"\/documentation\/devrevsdk\/identity\/init(from:)","title":"init(from: any Decoder) throws","type":"init"},{"path":"\/documentation\/devrevsdk\/identity\/init(userid:organizationid:accountid:usertraits:organizationtraits:accounttraits:)","title":"init(userID: String, organizationID: String?, accountID: String?, userTraits: UserTraits?, organizationTraits: OrganizationTraits?, accountTraits: AccountTraits?)","type":"init"},{"title":"Instance Properties","type":"groupMarker"},{"path":"\/documentation\/devrevsdk\/identity\/accountid","title":"let accountID: String?","type":"property"},{"path":"\/documentation\/devrevsdk\/identity\/accounttraits-swift.property","title":"let accountTraits: AccountTraits?","type":"property"},{"path":"\/documentation\/devrevsdk\/identity\/debugdescription","title":"var debugDescription: String","type":"property"},{"path":"\/documentation\/devrevsdk\/identity\/organizationid","title":"let organizationID: String?","type":"property"},{"path":"\/documentation\/devrevsdk\/identity\/organizationtraits-swift.property","title":"let organizationTraits: OrganizationTraits?","type":"property"},{"path":"\/documentation\/devrevsdk\/identity\/userid","title":"let userID: String","type":"property"},{"path":"\/documentation\/devrevsdk\/identity\/usertraits-swift.property","title":"let userTraits: UserTraits?","type":"property"}],"path":"\/documentation\/devrevsdk\/identity","title":"Identity","type":"class"},{"title":"Protocols","type":"groupMarker"},{"children":[{"title":"Instance Methods","type":"groupMarker"},{"path":"\/documentation\/devrevsdk\/devrevdelegate\/devrevsessiondidstart()","title":"func devRevSessionDidStart()","type":"method"}],"path":"\/documentation\/devrevsdk\/devrevdelegate","title":"DevRevDelegate","type":"protocol"},{"title":"Enumerations","type":"groupMarker"},{"children":[{"title":"Operators","type":"groupMarker"},{"path":"\/documentation\/devrevsdk\/state\/==(_:_:)","title":"static func == (State, State) -> Bool","type":"op"},{"title":"Enumeration Cases","type":"groupMarker"},{"path":"\/documentation\/devrevsdk\/state\/configured","title":"case configured","type":"case"},{"path":"\/documentation\/devrevsdk\/state\/error(_:)","title":"case error(Swift.Error)","type":"case"},{"path":"\/documentation\/devrevsdk\/state\/identified","title":"case identified","type":"case"},{"path":"\/documentation\/devrevsdk\/state\/uninitialized","title":"case uninitialized","type":"case"},{"title":"Default Implementations","type":"groupMarker"},{"children":[{"title":"Operators","type":"groupMarker"},{"path":"\/documentation\/devrevsdk\/state\/!=(_:_:)","title":"static func != (Self, Self) -> Bool","type":"op"}],"path":"\/documentation\/devrevsdk\/state\/equatable-implementations","title":"Equatable Implementations","type":"symbol"}],"path":"\/documentation\/devrevsdk\/state","title":"State","type":"enum"}],"path":"\/documentation\/devrevsdk","title":"DevRevSDK","type":"module"}]},"schemaVersion":{"major":0,"minor":1,"patch":2}}